-- phpMyAdmin SQL Dump
-- version 5.0.3
-- https://www.phpmyadmin.net/
--
-- Host: 127.0.0.1
-- Generation Time: Dec 27, 2020 at 03:41 PM
-- Server version: 10.4.14-MariaDB
-- PHP Version: 7.2.34

SET SQL_MODE = "NO_AUTO_VALUE_ON_ZERO";
START TRANSACTION;
SET time_zone = "+00:00";


/*!40101 SET @OLD_CHARACTER_SET_CLIENT=@@CHARACTER_SET_CLIENT */;
/*!40101 SET @OLD_CHARACTER_SET_RESULTS=@@CHARACTER_SET_RESULTS */;
/*!40101 SET @OLD_COLLATION_CONNECTION=@@COLLATION_CONNECTION */;
/*!40101 SET NAMES utf8mb4 */;

--
-- Database: `dbafinal`
--

-- --------------------------------------------------------

--
-- Table structure for table `table_choose`
--

CREATE TABLE `table_choose` (
  `rest_id` int(10) NOT NULL,
  `type_id` int(10) DEFAULT NULL,
  `price_id` int(10) DEFAULT NULL,
  `trans_id` int(10) DEFAULT NULL,
  `food_id` int(10) DEFAULT NULL
) ENGINE=InnoDB DEFAULT CHARSET=utf8;

--
-- Dumping data for table `table_choose`
--

INSERT INTO `table_choose` (`rest_id`, `type_id`, `price_id`, `trans_id`, `food_id`) VALUES
(22, 1, 1, 2, 2),
(8, 1, 2, 2, 2),
(2, 1, 2, 2, 3),
(6, 1, 2, 2, 3),
(63, 1, 2, 3, 3),
(69, 1, 2, 3, 3),
(72, 1, 3, 1, 3),
(25, 1, 3, 1, 6),
(49, 1, 3, 3, 3),
(53, 1, 4, 3, 3),
(43, 2, 1, 1, 1),
(37, 2, 1, 1, 2),
(29, 2, 1, 1, 3),
(31, 2, 1, 1, 3),
(32, 2, 1, 1, 3),
(33, 2, 1, 1, 3),
(34, 2, 1, 1, 3),
(35, 2, 1, 1, 3),
(36, 2, 1, 1, 3),
(38, 2, 1, 1, 3),
(74, 2, 1, 1, 3),
(45, 2, 1, 1, 6),
(4, 2, 1, 2, 1),
(5, 2, 1, 2, 1),
(11, 2, 1, 2, 1),
(20, 2, 1, 2, 2),
(3, 2, 1, 2, 3),
(10, 2, 1, 2, 6),
(12, 2, 1, 2, 6),
(21, 2, 1, 2, 6),
(64, 2, 1, 3, 1),
(67, 2, 1, 3, 1),
(54, 2, 1, 3, 2),
(65, 2, 1, 3, 2),
(68, 2, 1, 3, 2),
(55, 2, 1, 3, 3),
(61, 2, 1, 3, 6),
(66, 2, 1, 3, 6),
(44, 2, 2, 1, 2),
(24, 2, 2, 1, 3),
(39, 2, 2, 1, 5),
(1, 2, 2, 2, 1),
(14, 2, 2, 2, 3),
(16, 2, 2, 2, 3),
(7, 2, 2, 2, 4),
(17, 2, 2, 2, 4),
(15, 2, 2, 2, 6),
(59, 2, 2, 3, 2),
(51, 2, 2, 3, 6),
(19, 2, 3, 2, 5),
(57, 2, 3, 3, 1),
(58, 2, 3, 3, 1),
(48, 2, 3, 3, 3),
(9, 2, 4, 2, 5),
(13, 2, 4, 2, 5),
(62, 2, 4, 3, 5),
(18, 3, 1, 2, 1),
(40, 3, 2, 1, 1),
(76, 3, 2, 1, 1),
(28, 3, 2, 1, 2),
(46, 3, 2, 1, 2),
(23, 3, 2, 1, 3),
(26, 3, 2, 1, 3),
(78, 3, 2, 1, 5),
(60, 3, 2, 3, 1),
(52, 3, 2, 3, 3),
(56, 3, 2, 3, 3),
(50, 3, 3, 3, 5),
(27, 4, 1, 1, 3),
(70, 4, 1, 1, 3),
(73, 4, 1, 1, 3),
(77, 4, 2, 1, 1),
(30, 4, 2, 1, 3),
(47, 4, 2, 1, 3),
(71, 4, 2, 1, 3),
(75, 4, 2, 1, 3),
(42, 4, 2, 1, 6),
(41, 4, 3, 1, 6);

-- --------------------------------------------------------

--
-- Table structure for table `table_comment`
--

CREATE TABLE `table_comment` (
  `comment_id` int(10) NOT NULL,
  `rest_id` int(10) NOT NULL,
  `user_id` int(10) NOT NULL,
  `comment` varchar(100) NOT NULL
) ENGINE=InnoDB DEFAULT CHARSET=utf8mb4;

--
-- Dumping data for table `table_comment`
--

INSERT INTO `table_comment` (`comment_id`, `rest_id`, `user_id`, `comment`) VALUES
(1, 1, 1, '店員小姐服務親切，飯菜色香味俱全，餐盒也環保，用心經營的店家，一定要支持，加油！'),
(2, 1, 1, '便當菜新鮮,調味很好吃,以健康餐盒來說價錢還蠻便宜的，份量也不會太少，服務生態度親切，cp值蠻高的~值得推薦！'),
(3, 2, 1, '我的白醬奶油海鮮超好吃！老闆也好熱心！超級喜歡這家餐廳。'),
(4, 2, 1, '食物便宜又好吃，店員很輕切 但店內位置不多，個人建議可以打電話外帶'),
(5, 3, 1, '很適合宵夜的地方 肉燥飯很好吃 是那種肉末的那種 還有滷味跟麵'),
(6, 3, 1, '小菜的種類 調味都很棒 魚穌皮蛋很好吃 唯獨是附近停車不方便'),
(7, 4, 1, '全自助式的自助餐,夾多少量來結帳,菜色多樣且豐富,較可惜的是內用沒有白飯吃到飽。'),
(8, 4, 1, '地點在世新管理學院及考試院旁邊，非常便利，菜色多樣豐富，依據你挾的量來算錢，還算平價，中午人很多，但結帳快速，服務很好。'),
(9, 5, 1, '餐點很好吃，價格也划算，老闆和員工人也都非常好！湯，飲料，餐具，衛生紙都有，營業時間也長，即使下午3、4點來用餐也可以，是真的很喜歡的用餐地點。'),
(10, 5, 1, '適合學生上班組族和一般家庭，高CP，份量夠價格不貴，老饕及美食主義者就別來了'),
(11, 6, 1, '很好吃耶！我推薦泰式風味、綠蓉蛤蜊、菠菜起司雞肉、雞肉時蔬焗烤飯、南瓜濃湯。'),
(12, 6, 1, '加麵不用錢，酥皮濃湯好喝，麵口味也不錯但偏鹹一點點，內用要先排到有位子再點餐。'),
(13, 7, 1, '環境乾淨整潔，東西好吃，主廚濃湯/牛肉清湯很讚，景美難得的好店。'),
(14, 7, 1, '超愛這裡的自助吧的啦～價格也很親民，和朋友們聚餐整體服務感覺都很棒！'),
(15, 8, 1, '餐廳氛圍很棒 凱薩雞肉沙拉、蒜頭小魚乾辣椒面很好吃'),
(16, 8, 1, '今天點了泰式酸辣雞柳及青醬培根寬麵，餐點及服務都滿令人舒服，主餐份量個人覺得稍稍偏少，但或許是讓人意猶未盡的感覺，適合學生或是家庭聚餐的人。'),
(17, 9, 1, '小菜麻辣牛肚和泡菜好吃 巧克力慕斯和奶酪好吃 肉品質尚可 甜點比肉好吃'),
(18, 9, 1, '服務好。可以吃很飽。 肉片與蔬菜新鮮。 記得要點菜單上沒有的骰子和牛喔。'),
(19, 10, 1, '水餃皮薄很不錯，口味還可 但是沒有辣油只有豆瓣醬 醬油膏也太鹹'),
(20, 10, 1, '高麗菜水餃非常好吃，一咬就有湯汁，鹹香夠味。一顆6元。 豬頭皮很好吃，很Q又帶點軟骨，很有嚼勁。一份30元。 店的生意很好，要排隊點餐，座位不夠可以到對面坐。 水餃雖然偏小顆，但因為味道很好吃，值得再'),
(21, 11, 1, '韓國泡菜粥還不錯，海鮮量跟味道都夠'),
(22, 11, 1, '各種口味非常豐富 嘗試過很多口味都非常喜歡 味道很有層次 每次都很快速！ 份量很夠 覺得價格合理 特別喜歡鮮魚粥！謝謝你們！'),
(23, 12, 1, '藥燉排骨非常好吃~排骨好吃 滷肉飯也不錯'),
(24, 12, 1, '在它門口來來去去10年，今天第一次吃就驚為天人。火侯剛剛好，份量是雙北第一，價格確是雙北最低（中段50),湯頭棒。唯一缺點是用紙碗。'),
(25, 13, 1, '服務態度很好，店員笑容真誠，食物份量很足，鴨血豆腐都很入味'),
(26, 13, 1, '近捷運站，用餐空間有點擁擠，但食材是好的，新鮮的。自助式的菜盤很滿意，多樣食材可吃到飽。川爆麻辣很過癮。'),
(27, 14, 1, '半筋半肉牛肉湯，番茄為主的湯頭，牛肉有點硬，牛筋不會太爛，稍微帶些口感。'),
(28, 14, 1, '蝦仁紅油炒手疙瘩，醬很香好吃，炒手都有包一隻蝦，吃完很有飽足感，小菜也都好吃，只是邊吃店員邊吵架，大家都很辛苦，要互相體諒喔！'),
(29, 15, 1, '小籠湯包和料多多酸辣湯必點，小菜眾多，每種都好吃，泡菜涼麵好吃'),
(30, 15, 1, '絲瓜湯包口感很特別，薏仁漿料多實在，豆沙餡餅，內餡太濕了一點'),
(31, 16, 1, '美味的異國小吃，價格實惠，份量不多，服務很棒，餐具很美，食物色香味俱全'),
(32, 16, 1, '令人驚喜的美食！環境衛生、食物美味，食材新鮮，從小細節可以看出老闆的用心經營。'),
(33, 17, 1, '還不錯，建議吃豬排或雞排，但建議別點雞塊，因為吃起來像重組的，雞塊有魚肉海鮮味'),
(34, 17, 1, '餐點主餐不錯好吃，副餐與餐具要自己diy，服務有進步的空間。'),
(35, 18, 1, '口味樸實好吃，醋飯調的很爽口，味增湯也美賣。隔壁早餐店也不錯吃。'),
(36, 18, 1, '多款壽司新鮮好吃，內食外帶野餐皆宜，店家待客親切，服務又好，值得推薦好店家'),
(37, 19, 1, '牛奶鍋很好吃，肉質也很棒 環境也很舒適，很推薦的火鍋店'),
(38, 19, 1, '湯頭清甜， 肉盤及菜盤的份量足夠， 食材新鮮， 小美冰淇淋和冰'),
(39, 20, 1, '湯頭不錯，套餐附瓶裝茶飲還滿划算的，飲料也好喝，下次回訪想再試試其他口味。'),
(40, 20, 1, '價格偏貴，以在大學旁邊來說的話cp值稍低。調味跟食材都還可以，但就是份量有點少'),
(41, 21, 1, '好吃的宵夜&早餐！花生湯和豆漿都不錯，推「饅頭夾蛋夾肉、蛋餅、燒餅油條、水煎包」'),
(42, 21, 1, '可以自選各種餡料。店內有桌椅，非常台式的小吃風格。'),
(43, 22, 1, '特色的木屋裝潢 義大利麵和咖哩飯都很入味好吃 店員可愛 態度棒棒～'),
(44, 22, 1, '醬好吃，薄餅推薦，還有黑糖牛奶冰+花生奶酪（可惜沒布丁殘念）'),
(45, 23, 1, '學生點四份主餐，送小菜三選一（地瓜/可樂餅/炸豆腐）。餐點口味中上，但價格較高'),
(46, 23, 1, '吃了這麼多次，最有印象覺得好吃的還是招牌生魚片蓋飯上面的甜蝦，真的好吃，今天吃的是明太子炙燒魚丼，還不錯~'),
(47, 24, 1, '豆腐還不錯，湯在鴨血臭豆腐中屬於清湯。鹹酥雞比較像是豆乳雞，有骨頭'),
(48, 24, 1, '每次都有不同的優惠活動，有菜有主食，是很平常的餐點，湯頭不錯'),
(49, 25, 1, '甜點很好吃，主餐類也有客製化服務， 店員人都很熱情會幫忙介紹餐點特色或招牌'),
(50, 25, 1, '用餐環境稍小,服務親切！上餐時間略久！義大利麵不錯吃！'),
(51, 26, 1, '菜色多樣，兩人點了三道菜，很下飯吃了兩碗，消費四百多元，有加一成服務費'),
(52, 26, 1, '服務很差，不過東西好吃，上菜速度快。'),
(53, 27, 1, '在政大算便宜的平價料理了，有熱湯飲料甚至有甜湯，海鮮&牛肉米線/河粉好吃'),
(54, 27, 1, '湯的料很豐富，有蘿蔔、高麗菜、雞肉。東西還滿便宜的。加飯量很夠。'),
(55, 28, 1, '麵體口感佳，湯頭濃郁 小菜好吃，單價可以接受 西批值很棒的一家拉麵'),
(56, 28, 1, '日本拉麵店，當頭口味適合大眾口味，學生們喜愛這個地方用餐，推薦！'),
(57, 29, 1, '種類很多，營業到很晚，態度不錯，但是味道就普普'),
(58, 29, 1, '食材的選用上，老闆有要求，讓吃的人能健康安心。'),
(59, 30, 1, '銅盤烤肉+年糕鍋+海鮮煎餅的組合好吃，不敢吃辣的人也能吃到道地好吃的韓國料理'),
(60, 30, 1, '豆腐煲的豆腐很多，料蠻滿的，口味還行，中辣還是不會辣。白飯可以吃到飽 很適合學生，涼拌海帶芽調味清爽很好吃'),
(61, 31, 1, '在政大地區已服務很久的餐飲店。有焿系列，豬腳飯，魯肉飯等眾多選擇'),
(62, 31, 1, '平價餐點，飯類口味不會過於油膩，就是一般生活小吃'),
(63, 32, 1, '排骨，雞排現炸好吃。但以此價位的配菜份量較少，可惜'),
(64, 32, 1, '電子支付、信用卡、現金、悠遊卡均可，乾淨衛生美味，用餐環境佳，招牌為排骨和炸雞腿，讚。'),
(65, 33, 1, '政大附近最愛吃的。非常推薦梅子雞丁，宮保雞丁和糖醋類都蠻好吃... 老闆人很好，煮飯的樣子超酷超讚，做飯那麼辛苦還一直對著我們微笑打招呼，回去的時候還對我們說謝謝。'),
(66, 33, 1, '廚師很棒，可惜餐點太油又太鹹，時常水水的， 豆腐湯好喝，外帶送養樂多'),
(67, 34, 1, '水餃和酸辣湯是我小時候家裡吃的味道，牛肉麵可口，店內醬料獨特，小菜好吃！'),
(68, 34, 1, '牛肉大塊軟嫩 整體份量約正常男子的6～7分飽 《更新》 學生可免費加大 佛心店家'),
(69, 35, 1, '便宜且超級大碗，吃粗飽ok。小碗咖哩飯60，是其他店家大碗的量。但就只有馬鈴薯&紅蘿蔔。'),
(70, 35, 1, '價格合理，每一樣都超好吃的!'),
(71, 36, 1, '推薦牛肉飯、乾拌麵，菜給得大方。但不推咖哩（味道太特殊）'),
(72, 36, 1, '臭豆腐冬粉很好吃，豆腐很多還有肉羹。老闆娘和服務人員都很親切！'),
(73, 37, 1, '學生時期非常愛吃這家的牛肉乾拌麵，麵條有刀削麵，口感讚'),
(74, 37, 1, '各種涼麵都不錯，芥末涼拌龍鬚菜很特別，古早味紅茶可以解膩，CP值很高'),
(75, 38, 1, '政大人必吃，煎蛋飯很有特色;奶油/肉醬飯很合大學生俗又大碗;燴飯也好好吃'),
(76, 38, 1, '點了辣雞肉炒麵和咖哩雞排，都很好吃。這個價格配上品質已經不能再要求更多了'),
(77, 39, 1, '湯裡有吃到三種菜，喝起來很清甜，料也滿有誠意，肉片不是噁心的肥油肉真是太開心了，是所有三媽裡面吃過最好吃的！'),
(78, 39, 1, '超好吃，還有加冬粉和蛋，很棒！有辣蘿蔔和辣泡菜也很讚！'),
(79, 40, 1, '味噌燒雞跟塔塔魚排很好吃，拿大碗裝味噌湯很過癮，沙拉可以換成泡菜。'),
(80, 40, 1, '大學附近的學生跟社區餐廳，但份量足，口味也不差，適合大食量跟追求CP值的人來吃'),
(81, 41, 1, '美式料理，各式口味的漢堡餐、三明治以及一大碗的沙拉。另外，飲料續杯喝到飽喔！'),
(82, 41, 1, '餐點好吃份量多，價格又平價，飲料無限暢飲，是我非常喜歡的店，已去過好幾次，每次都吃的很飽又滿足！'),
(83, 42, 1, '口味不錯，好吃；但價格稍微偏貴，但是是連鎖店，價格固定無法改變'),
(84, 42, 1, '戴著衛生手套觸摸電腦螢幕，又拿筆寫訂單，又摸我的潛艇堡，令人倒胃，一點也不衛生。'),
(85, 43, 1, '用料從飯到菜到肉，都賦予其最純真的美味，對學生來說雖小貴，但真的是好吃的便當店'),
(86, 43, 1, '出餐快速的好店家，適合趕時間的客人'),
(87, 44, 1, '湯頭自然清甜，適合喜愛原味或清淡口味者前往。停車困難'),
(88, 44, 1, '食物好吃，種類好多，還可以加麵、飲料喝到飽，但是一碗麵100元起跳有點貴。'),
(89, 45, 1, '東西蠻平價實惠的，在宵夜店家不多的木柵是個好選擇！'),
(90, 45, 1, '稍貴了一些，不過蠻大碗的。'),
(91, 46, 1, '雙人套餐超划算，兩個不同指定口味的麵還有小菜飲料，單點相對就還好。'),
(92, 46, 1, '雪花牛拉麵的湯頭很好喝，肉片也好多，而鮮蝦泡飯的蝦子竟然有七隻之多，超有誠意！'),
(93, 47, 1, '最愛辣排骨湯飯! 香辣的牛肉湯拌飯,牛油香,每次都會整鍋吃光光!'),
(94, 47, 1, '甜辣五花肉、烤肉、糖醋肉 兩大兩小都吃得很盡興 老闆娘依舊是冷淡的，但飯菜真的很好吃'),
(95, 48, 1, '東西好吃，適合聚餐! 推薦賽螃蟹..鹹蛋美人腿..東坡肉..豆沙鍋餅'),
(96, 48, 1, '推薦酸菜白肉鍋及蔥油餅，牛腩不錯，附近停車不方便'),
(97, 49, 1, '餐廳環境空間小，服務佳， 室內裝潢歐風，德式豬腳皮脆 德式香腸 豬排都非常好吃'),
(98, 49, 1, '服務生態度很好，對小孩也很包容，還有餐後小禮物！兒童套餐CP值高！餐點美味'),
(99, 50, 1, '海產新鮮不用多說，人情味像海邊，服務像飯店，氣氛像文青咖啡店就厲害了！'),
(100, 50, 1, '湯頭好喝，菜盤都是天然食材，肉也好吃。每次去都共鍋再單點料，很喜歡他們家豆皮'),
(101, 51, 1, '雖然偏鹹 （很適合配酒的意思） 高麗菜還有肉捲糯米椒很推 萬惡宵夜好地方'),
(102, 51, 1, '吃完之後不會在衣服留下燒烤味 青菜烤的可以吃出食材的甜味 但其他普普'),
(103, 52, 1, '木柵地區少數的深夜食堂。湯頭好喝，食物新鮮。只是可惜沒有廁所。'),
(104, 52, 1, '100元餐的食物份量很充足划算～～私心覺得比自己點的還多很多><食物好吃湯頭好喝，會想再來！'),
(105, 53, 1, '裝潢很美，服務很周到，蘆筍鮭魚白醬義大利麵不會膩，口味很剛好，不過巧達濃湯稍鹹'),
(106, 53, 1, '氣氛和環境好都很好，食物好吃價格親民，特別推薦Pizza，皮烤得酥酥脆脆，很棒！'),
(107, 54, 1, '乾粄條的肉燥份量多而不膩，粉腸湯美味可口，但上菜速度有點慢。'),
(108, 54, 1, '好吃，銅板美食就吃的很飽'),
(109, 55, 1, '水餃，煎餃非常好吃，小菜非常道地，醬牛肉，豬腳，頭皮，燒雞非常好吃'),
(110, 55, 1, '從小吃到大，最愛蝦仁炒飯、煎餃、酸辣湯～～ 他們的蒜頭醬油超級好吃！！'),
(111, 56, 1, '鹽烤雞腿味道頗讚，湯飯續到飽，CP值佳佳'),
(112, 56, 1, '老闆和善。滿溫馨的家庭式台灣味日本料理店。已經很平價了，再點每日特餐更划算。湯普通，拉麵表現可能相對弱，較推薦點定食。'),
(113, 57, 1, '菜色很好吃！推薦招牌精緻炒螃蟹、蔥油雞必點～老闆娘人超好，很適合家庭聚餐來吃'),
(114, 57, 1, '在文山區來說算是口味不錯的熱炒店，價格合理，菜色也算有特色，在美食沙漠的木柵算是滿推薦的選擇'),
(115, 58, 1, '漁船直送超新鮮，師傅台菜手藝到家，能吃到罕見的菜色如炒魚翅頭。'),
(116, 58, 1, '海鮮魚頭火鍋很鮮甜，海鮮蝦餅與烤軟絲真好吃，鹽焗雞也不錯，一定要來嘗鮮。'),
(117, 59, 1, '座位乾淨寬敞，牛肉麵的牛肉軟嫩，麵條是拉麵麵條，蔥油拌麵口味獨特。'),
(118, 59, 1, '最近去了幾間麵店老闆都是年輕人，裝潢融入自己的個性喜好，我是滿喜歡這樣的風格。'),
(119, 60, 1, '味噌魚頭湯，野菜天婦羅，蝦卵手卷，南瓜濃湯.....哇！說不盡的好味道啊！'),
(120, 60, 1, 'CP值不錯，口味我個人覺得是台式日料，白醬烏龍意外地好吃，上菜速度蠻快的。'),
(121, 61, 1, '店內的生意非常好，老闆態度很親切。建議去之前打電話預訂，除了減少等待時間。'),
(122, 61, 1, '現炸炸雞，鮮嫩多汁。老闆還有小車模型收藏.等待時間邊看很有趣、口味不錯，炸雞跟雞排是屬於脆皮類型'),
(123, 62, 1, '標榜健康還有新鮮海鮮的火鍋 有清淡湯頭適合小孩 蔬菜盤完全沒有火鍋料'),
(124, 62, 1, '裝潢明亮富設計感，用餐環境舒適不擁擠，服務人員親切，最重要的是食材新鲜好吃。'),
(125, 63, 1, '一間小而美的早午餐店，氣氛很輕鬆悠閒；推薦老闆特調的紅咖哩和綠咖哩義大利麵～'),
(126, 63, 1, '很多細節可以感受到用心，蠻喜歡店內設計風格～炸物非常驚艷，期待下次品嚐咖哩系列'),
(127, 64, 1, '炸物排骨、雞排、雞腿都是現炸的，又香又多汁 配菜如白菜粉絲和麻婆豆腐也都很到位'),
(128, 64, 1, '平民價格，菜色選擇多，生意興隆食材新鮮，值得推薦'),
(129, 65, 1, '食物種類不多，主要是湯麵，沒有炒飯，只有滷肉飯或牛肉飯，小菜比較豐富比也比較便宜'),
(130, 65, 1, '衛生美味的麵店，熱湯使用瓷碗，價格合理，豬肝麵豬肝軟嫩，肉燥飯好吃 #友善商店'),
(131, 66, 1, '珍珠丸子、小籠包、蛋餅都好吃 煎包特別 醬料區的小魚乾辣椒有加分 記得要加！！'),
(132, 66, 1, '餐點好吃但cp值不算高。店內時常有座位不夠以及上菜速度慢的問題。'),
(133, 67, 1, '選擇多樣CP值高的飯盒店 有附湯跟一主菜四配菜 推薦蒜泥白肉'),
(134, 67, 1, '老闆娘 老闆 服務很親切 環境舒適 餐點好吃 菜單多樣化選擇很多 會再來光顧的'),
(135, 68, 1, '涼麵、肉羹米粉/麵、甜不辣、餛飩湯都不錯，但內部用餐座位走日本風，只有約12個。'),
(136, 68, 1, '環境乾淨整齊，價位平實，有湯有麵，適合小資族不想吃太飽時的選擇，缺點是內用座位太少，只適合2-3位一起吃，所以人多時外帶比較合適，首推味噌湯，口感甘甜香氣飽滿'),
(137, 69, 1, '東西滿不錯吃 有用心 服務生老闆娘也都很親切～ 環境很棒又安靜'),
(138, 69, 1, '不限時的咖啡店，服務態度良好，簡餐不錯吃，也不貴。適合待上一天的店！'),
(139, 70, 1, '在政治大學旁，馬來西亞華人風格餐廳，肉骨茶飯，海南雞飯，大馬拉茶必點。'),
(140, 70, 1, '海南油雞、黃香飯咖哩雞和脆皮雞腿飯都推，麵類覺得還好'),
(141, 71, 1, '價格不便宜，壽喜燒普普，小孩覺得石鍋飯好吃；附餐紅茶的桂花香味濃郁，不錯喝。'),
(142, 71, 1, '每個品項都美味，義大利麵口感恰到好處，海鮮湯很讚，連柚子茶都好喝。'),
(143, 72, 1, '豬腳、明太子義大利麵、菠菜奶油燉飯餐點都好吃，且還有新鮮果汁與啤酒，環境佳'),
(144, 72, 1, '都很好吃，加套餐不管是飲料、湯、沙拉甜點都很划算，香腸餐有點貴'),
(145, 73, 1, '過橋米線由雞湯熬成，內有豬肉、豬肝、蝦子等食材，湯頭鮮美，配料豐富。'),
(146, 73, 1, '椒麻雞/大薄片 都非常好吃！但沒有附白飯，有點小貴。部分菜色出示學生證可以折價。'),
(147, 74, 1, '出餐快速，營業時間長，內用區有熱湯、飲料可自行取用。便當除肉類外菜色不能選。'),
(148, 74, 1, '泰式炒麵好吃，物美價廉是學生的最佳選擇，東西不油膩吃了不怕胖，份量夠又便宜'),
(149, 75, 1, '附近cp值高的韓式料理，店面乾淨 食物也有不錯，種類不少 店內有附麥茶和水'),
(150, 75, 1, '石鍋韓式泡菜伴飯吃過不錯吃。不會比在韓國吃的差。更適合台灣口味'),
(151, 76, 1, '燒肉飯跟炸雞飯很好吃，配菜也都新鮮好吃，服務員人很好，還會再回吃，五星推薦！'),
(152, 76, 1, '座位空間都給人感覺很棒 面牆的吧台座下方都有鉤子可以掛包包～'),
(153, 77, 1, '好吃爽口的蔬菜咖哩 店裡位置舒服 還有好喝的南非國寶茶'),
(154, 77, 1, '昨天吃梹城白咖哩飯，今天吃香椿乳酪飯及招牌熱壓土司，只有一個字可以形容，讚！'),
(155, 78, 1, '主要賣鐵板料理 份量足夠 飯跟飲料也可以一直續 是cp值不錯的一家店'),
(156, 78, 1, '政大商圈學生消費餐廳，白飯可吃到飽，但記得別浪費。'),
(157, 16, 2, 'Good'),
(158, 50, 2, '我很喜歡'),
(160, 72, 2, '奶油雞肉義大利麵超讚');

-- --------------------------------------------------------

--
-- Table structure for table `table_coupon`
--

CREATE TABLE `table_coupon` (
  `coupon_id` int(10) NOT NULL,
  `rest_id` int(10) NOT NULL,
  `content` varchar(100) NOT NULL
) ENGINE=InnoDB DEFAULT CHARSET=utf8mb4;

--
-- Dumping data for table `table_coupon`
--

INSERT INTO `table_coupon` (`coupon_id`, `rest_id`, `content`) VALUES
(1, 16, '送小菜一份'),
(2, 72, '送甜點一份'),
(3, 50, '四人同行一人免費'),
(4, 72, '送薯條一份');

-- --------------------------------------------------------

--
-- Table structure for table `table_favorite`
--

CREATE TABLE `table_favorite` (
  `user_id` int(10) NOT NULL,
  `rest_id` int(10) NOT NULL
) ENGINE=InnoDB DEFAULT CHARSET=utf8mb4;

--
-- Dumping data for table `table_favorite`
--

INSERT INTO `table_favorite` (`user_id`, `rest_id`) VALUES
(0, 33),
(0, 73),
(0, 73),
(0, 77),
(2, 44),
(2, 51),
(2, 52),
(2, 69),
(5, 11),
(5, 15),
(5, 32),
(5, 42),
(6, 76),
(7, 18),
(7, 29),
(7, 35),
(7, 37),
(7, 42),
(7, 78);

-- --------------------------------------------------------

--
-- Table structure for table `table_food`
--

CREATE TABLE `table_food` (
  `food_id` int(10) NOT NULL,
  `food` varchar(10) NOT NULL
) ENGINE=InnoDB DEFAULT CHARSET=utf8mb4;

--
-- Dumping data for table `table_food`
--

INSERT INTO `table_food` (`food_id`, `food`) VALUES
(1, '飯食'),
(2, '麵食'),
(3, '飯/麵'),
(4, '排餐'),
(5, '鍋物'),
(6, '其他');

-- --------------------------------------------------------

--
-- Table structure for table `table_price`
--

CREATE TABLE `table_price` (
  `price_id` int(10) NOT NULL,
  `price` varchar(20) NOT NULL
) ENGINE=InnoDB DEFAULT CHARSET=utf8mb4;

--
-- Dumping data for table `table_price`
--

INSERT INTO `table_price` (`price_id`, `price`) VALUES
(1, '100以下'),
(2, '100-200'),
(3, '200-300'),
(4, '300以上');

-- --------------------------------------------------------

--
-- Table structure for table `table_rest_qrcode`
--

CREATE TABLE `table_rest_qrcode` (
  `code_id` int(10) NOT NULL,
  `rest_id` int(10) NOT NULL,
  `code` varchar(30) NOT NULL
) ENGINE=InnoDB DEFAULT CHARSET=utf8mb4;

--
-- Dumping data for table `table_rest_qrcode`
--

INSERT INTO `table_rest_qrcode` (`code_id`, `rest_id`, `code`) VALUES
(1, 16, '7fpwg0zS4P;LhBOu1Z;U'),
(2, 72, 'ToroJHgF&sTuNiJ9@WPV'),
(3, 50, 'x4MfLbzGmogV4s4TSA2a');

-- --------------------------------------------------------

--
-- Table structure for table `table_show`
--

CREATE TABLE `table_show` (
  `rest_id` int(10) NOT NULL,
  `rest` varchar(50) NOT NULL,
  `rank` float NOT NULL,
  `phone` varchar(20) NOT NULL,
  `address` varchar(30) NOT NULL,
  `intro` varchar(100) NOT NULL,
  `money` int(10) NOT NULL DEFAULT 0
) ENGINE=InnoDB DEFAULT CHARSET=utf8mb4;

--
-- Dumping data for table `table_show`
--

INSERT INTO `table_show` (`rest_id`, `rest`, `rank`, `phone`, `address`, `intro`, `money`) VALUES
(1, '花椰先生 萬芳店', 3.6, '0962-063-878', '台北市文山區興隆路三段136號', '位於萬芳醫院附近的便當店，配菜營養均衡，餐盒精緻，吃的健康又營養！', 0),
(2, '金瑪莉義大利麵', 4.3, '02-2236-6069', '台北市文山區木柵路一段62號', '位於世新大學附近的平價義大利麵店，世新學生們下課後常去用餐。', 0),
(3, '老娘米粉湯', 4, '02-2236-7889', '台北市文山區木柵路一段227號', '位於世新大學附近的小餐館，世新學生們的愛店之一。', 60000),
(4, '試院精緻自助餐', 3.7, '02-2236-6506', '台北市文山區木柵路一段99號', '位於世新大學附近的自助餐店，儘管便宜但稍嫌油膩，欲快速用餐的好選擇。', 0),
(5, '香港永春燒臘快餐', 3.9, '02-2236-2252', '台北市文山區木柵路一段95號', '位於世新大學附近的燒臘店。', 0),
(6, 'MINT PASTA 綠薄荷麵食坊', 4.3, '02-2933-0811', '台北市文山區景興路274之2號', '位於景美夜市附近的義大利麵餐廳，十分美味且C/P值高。時常高朋滿座，只接受現場點餐，不提供訂位服務喔！', 0),
(7, '獨特牛排館', 4.5, '02-2930-7729', '台北市文山區景美街92號', '位於景美夜市附近的平價牛排館，在地人的回憶。', 0),
(8, 'Creative Pasta 創義麵景美', 4.2, '02-2930-8887', '台北市文山區景文街155號', '位於景美夜市附近的義大利麵餐廳，平價且實在。', 0),
(9, '壽喜燒一丁二代目景美店', 4.2, '02-2930-6575', '台北市文山區景興路188號B2', '位於景美夜市附近的壽喜燒店，所提供的肉質不錯，記得先訂位喔！', 100000),
(10, '楊家手工水餃', 3.9, '0910-111-640', '台北市文山區景後街178號', '位於景美夜市附近的餃子館，有興趣的話可以試試看！', 0),
(11, '粥粥頌景美總店', 3.8, '02-2932-7850', '台北市文山區景文街101號之6號', '位於景美夜市附近，粥的份量不只充足也美味！', 0),
(12, '景美活土虱', 4.2, '0973-913-381', '台北市文山區景文街41號', '位於景美夜市附近，是在地人記憶中的好滋味。', 0),
(13, '肉多多火鍋景美店', 4.2, '02-2933-2212', '台北市文山區景文街42號2樓', '位於景美夜市附近的連鎖火鍋店，親友聚餐的好選擇。', 0),
(14, '西紅柿麵食店', 3.8, '02-8663-5990', '台北市文山區興隆路三段112巷2弄2號', '位於萬芳醫院附近的有名餐館，招牌牛肉麵和鮭魚炒飯都很美味。', 30000),
(15, '福鼎湯包店', 4.1, '02-2931-7338', '台北市文山區興隆路三段112巷2弄13號', '位於萬芳醫院附近的有名餐館，許多政大學生皆慕名前往享用湯包。', 0),
(16, '鴻福擔仔麵', 4.5, '02-2930-6126', '台北市文山區興隆路三段112巷2弄20號', '位於萬芳醫院附近的小餐館，網友推薦試試越式酸辣料理！', 0),
(17, '孫東寶興隆店', 3.4, '02-2230-0211', '台北市文山區興隆路三段138號', '位於萬芳醫院附近的連鎖牛排館。', 0),
(18, '一口壽司', 4.2, '02-8230-1662', '台北市文山區興隆路三段146號', '位於萬芳醫院附近的小販，販售美味的壽司和味噌湯。', 0),
(19, '妃鍋', 4.8, '02-2933-0252', '台北市文山區興隆路三段112巷4弄1號', '位於萬芳醫院附近的火鍋店，預算充足下是不錯的好選擇。', 0),
(20, '潮味決', 3.9, '02-2932-9939', '台北市文山區興隆路三段112巷2弄12號', '位於萬芳醫院附近的連鎖滷味店，用餐環境舒適。', 0),
(21, '獨特花生湯', 4.1, '02-2934-0746', '台北市文山區興隆路一段293號', '位於萬隆附近的深夜豆漿店，除了一般豆漿店所提供的品項，也有小籠包、煎餃，半夜不怕肚子餓！', 0),
(22, 'Chaup! 轉角冰', 4.6, '02-2932-1337', '台北市文山區景興路42巷8弄1號', '位於萬隆附近的冰店，不只提供平價又好吃的冰品，義大利麵也是不容錯過的好選擇！', 8000),
(23, '金鰭日式料理', 3.9, '02-8661-6436', '台北市文山區指南路二段205號', '平價日式料理店，定食、丼飯、烏龍麵生魚片等，樣式應有盡有，且有提供免費續飯服務，湯品跟冰麥茶則是無限供應，且用餐環境舒適乾淨。', 0),
(24, '大汗麻辣鴨血臭豆腐政大店', 4.5, '02-2936-8934', '台北市文山區指南路二段165號', '各式組合麻法鍋物，附餐可選白飯、冬粉王子麵等，此外最著名的為炸物小點，每日都有套餐搭配。湯底為中藥麻辣湯，配菜鍋物也能加點，用餐環境明亮舒適。', 0),
(25, 'Lazy Pasta 慵懶義式廚房政大店', 4.2, '02-2937-5161', '台北市文山區指南路二段161號', '提供各種口味的義大利麵和燉飯，也提供套餐組合能搭配湯品和沙拉甜點，份量充足服務佳，尖峰時段需排隊。', 0),
(26, '東京小城', 3.4, '02-2939-4388', '台北市文山區指南路二段207號', '平價日式料理店，定食、丼飯、烏龍麵生魚片外，還有拉麵可做挑選，握手斯和手卷也是提供品項。', 0),
(27, '華越美食', 4, '02-8661-9291', '台北市文山區指南路二段205號', '提供多樣化越式和中式料理，且有多種越南醬料可搭配，湯品和甜品都供免費享用，且也提供越南著名的髮國麵包，讓您一嘗越式料理的美味。', 0),
(28, '豚將日式拉麵政大店', 3.8, '02-8661-8008', '台北市文山區指南路二段143號', '價格便宜和平日免費加麵服務，配菜有筍乾和豆芽菜。', 1000),
(29, '甜不辣', 3.9, 'null', '台北市文山區指南路二段141號', '品項多樣，有甜不辣、四神湯、滷肉飯壽司燙青菜等可選，營業時間到很晚，可作為宵夜熱食選擇。', 0),
(30, '高句麗', 3.4, '02-8661-6456', '台北市文山區指南路二段131號2樓', '韓式料理店菜單多元，套餐會附贈小菜。', 0),
(31, '政大焿大王', 3.7, '02-2939-0491', '台北市文山區指南路二段151號', '歷史悠久的台式小吃店，有各種羹品做選擇，也有乾麵滷肉便當供應，建議搭配店內的辣醬更有味。', 0),
(32, '梁社漢排骨文山指南店', 3.7, '02-8661-6465', '台北市文山區指南路二段127號1樓', '連鎖便當店，特色為主菜搭配小菜，附餐可選擇白飯或湯麵，且有滷味、湯品、小菜和飲品可搭配或單點。', 0),
(33, '永康街左撇子', 4, '02-2936-9901', '台北市文山區指南路二段119巷10號', '主菜便當、炒麵燴飯和湯品可選，價格平實，店內餐具為自助式，且提供免費飲品。', 0),
(34, '飽飽食府', 4, '02-2936-0933', '台北市文山區指南路二段119巷7號', '麵食餃子館，有各類湯麵乾麵，且店內有小菜可供搭配和免費冬瓜茶，喜歡吃辣的同學，可以挑戰店內「朝天椒」辣醬。', 0),
(35, '悅來牛肉麵', 4.5, '02-8661-8281', '台北市文山區指南路二段119巷11號', '飯麵餃子館，麻婆豆腐和咖哩燴飯為店內招牌，份量大價格便宜，餐點現點現做上菜速度快，翻桌率高。', 6000),
(36, '楊記小吃', 4, '02-2234-7355', '台北市文山區萬壽路21號', '有咖哩和鴨血系列，主食可選乾麵或飯類，分量十足，還有臭豆腐相關產品可挑選。', 0),
(37, 'My麵屋', 4.2, '02-2939-4277', '台北市文山區指南路二段45巷7號', '乾麵湯麵一應具全，麵條為特殊寬麵，口感扎實湯頭美味，店內的各式小菜價格也十分親民，頗受學生歡迎。', 0),
(38, '四五大街', 3.8, '02-2936-2376', '台北市文山區指南路二段45巷5號', '燴飯炒飯、義大利麵和河粉可選，又以煎蛋飯為招牌，店內提供免費紅茶供自取，也有小菜服務。', 0),
(39, '三媽臭臭鍋新光店', 3.6, '02-2938-8588', '台北市文山區新光路一段117號', '火鍋專賣店，湯頭選擇多樣，配菜都可做加點，也有外帶服務，沾醬多元也有辣醃高麗菜，食材選擇用心。', 0),
(40, '樂山食堂', 4.2, '02-2234-7765', '台北市文山區新光路一段26號', '日式定食專賣店，主食料理用心，店內提供白飯和味噌湯免費自取，還有炭培烏龍茶飲品，搭配醬汁多元。', 0),
(41, 'Juicy Bun Burger 就是棒', 4.4, '02-2939-0780', '台北市文山區萬壽路19號1樓', '政大附近少數的美式餐廳，漢堡、貝果等美式餐點品項齊全，且有早午餐時段可供享用，店內裝潢別致用心，是同學們聚餐的好選擇。', 0),
(42, 'Subway', 3.5, '02-2234-1290', '台北市文山區萬壽路27號', '連鎖潛艇堡專賣店，每個潛艇堡都為客製化現做，套餐可搭配餅乾飲料等小點，配菜有各式沙拉，為健康的好選擇。', 0),
(43, '蘭亭池上便當', 4, '02-8661-4372', '台北市文山區新光路一段48號', '新光路上的池上便當店，菜色齊全配菜美味，有提供外送服務，酸梅湯為店內招牌飲品。', 0),
(44, '甘泉魚麵', 3.7, '02-2234-9641', '台北市文山區新光路一段34號', '魚麵專賣店，湯頭配料多元，酸辣日式中式泰式湯底一應具全，份量十足。', 0),
(45, '小鴨藥膳加熱滷味', 4.3, 'null', '台北市文山區新光路一段81號', '中藥清香湯頭，食材乾淨新鮮，採自主式挑選，有提供店內座位用餐。', 0),
(46, '鬼匠拉麵', 4, '02-2939-8028', '台北市文山區指南路二段28號', '湯頭濃郁，配料豐富且有套餐可供搭配，不定期會推出優惠方案。', 0),
(47, '阿里郎韓國小吃', 3.7, '02-2939-0084', '台北市文山區指南路二段31號', '韓國傳統小吃，由韓國夫婦開設歷史悠久，有贈送小菜。', 0),
(48, '成家小館', 3.9, '02-2937-4611', '台北市文山區木新路三段154號', '位於後山的餐館，提供多種合菜料理，多人聚餐的好選擇。', 9000),
(49, '德意事歐式美食屋', 4.4, '02-2234-5611', '台北市文山區木新路三段97號', '位於後山的歐式餐館，提供燉飯、義大利麵等義式料理，價位稍高。', 0),
(50, '鴻記石鍋', 4.4, '02-8661-5772', '台北市文山區興隆路四段130號', '位於後山的火鍋店，提供眾多海鮮食材，個人一鍋，適合一個人與朋友聚餐。', 0),
(51, '木柵串霸', 3.9, '0917-032-032', '台北市文山區木新路二段18號', '位於道南橋旁的燒烤店，提供眾多食材及啤酒，是晚餐及消夜的好去處。', 0),
(52, '匠記日式深夜美食', 4.4, '0982-180-525', '台北市文山區永安街22巷21號', '位於道南橋旁，以關東煮為名的日式料理店，提供丼飯、飯糰，可以吃少，也可以吃飽。', 0),
(53, 'LI RA義大利廚房', 4.1, '02-2939-0009', '台北市文山區木新路三段67號', '位於後山的義式餐廳，提供燉飯、義大利麵，套餐擁有前菜、湯品、甜點等，氣氛溫馨，適合朋友聚餐、情侶約會。', 0),
(54, '玉春香小吃', 4.2, '02-2936-0104', '台北市文山區指南路一段23號', '位於木柵市場附近的小吃店，提供台式麵類，銅板美食。', 0),
(55, '山東餃子館', 4, '02-2937-2564', '台北市文山區忠順街一段72號', '位於後山的麵食館，提供餃子、炒飯等。', 0),
(56, '新野豚骨拉麵定食專賣店', 3.8, '02-8661-0389', '台北市文山區忠順街一段84號', '位於後山的日式料理店，提供定食、丼飯、拉麵等，湯、飯能續加，CP值高。', 0),
(57, '18精緻小館', 4.7, '02-2234-9519', '台北市文山區興隆路四段102號', '位於後山的熱炒店，提供許多合菜料理，是朋友聚會的好去處。', 0),
(58, '海天小館', 4.1, '02-2938-5186', '台北市文山區永安街22巷33號1樓', '位於道南橋旁的熱炒店，提供許多合菜料理，是朋友聚會的好去處。', 0),
(59, '荷理固 HOLYGOOD', 4, '02-2234-2920', '台北市文山區木新路三段75號', '位於後山的牛肉麵店，提供各種部位的牛肉，店內裝潢新潮，氣氛佳。', 0),
(60, '松町和風小舖', 4, '02-8661-1532', '台北市文山區木新路二段60號', '位於道南橋旁的日式料理店，提供壽司、炸物等，建議先訂位。', 0),
(61, '食安唯雞', 4.8, '02-2938-5181', '台北市文山區興隆路四段125號', '位於後山的炸雞店，價格便宜，炸雞好吃，當晚餐、宵夜都很適合。', 0),
(62, '945鍋', 4.4, '02-2939-8945', '台北市文山區木柵路三段9號', '位於後山的火鍋店，海鮮現撈處理，價位偏高。', 600),
(63, 'MR. 田', 4.6, '02-2939-5598', '台北市文山區木柵路三段49巷12號1樓', '位於木柵路的義式餐廳，提供義大利麵、燉飯，價格合理，適合學生聚餐。', 0),
(64, '津食堂', 4.3, '02-2937-3537', '台北市文山區忠順街一段121巷1號', '位於後山的小吃店，以便當為主軸，店內乾淨。', 0),
(65, '阿卡乾麵', 4.2, '02-2936-2207', '台北市文山區興隆路四段124號', '位於後山的家常麵館，物美價廉，傳統味。', 0),
(66, '嘗香聚', 3.9, '02-2938-2280', '台北市文山區木新路二段167號', '位於後山的小吃店，提供湯包、蛋餅等台式早餐，從晚上開到半夜，適合宵夜的好去處。', 0),
(67, '華娜飯盒', 4.3, '02-2936-5822', '台北市文山區木新路二段227號', '位於後山的便當店，提供各式主菜及配菜，價格合理，適合學生填飽肚子的好去處。', 0),
(68, '老曾涼麵木新店', 4, '02-2234-9921', '台北市文山區木新路三段278巷1號', '位於後山的涼麵店，提供湯品及各式醬汁搭配涼麵，店面座位少，適合外帶。', 0),
(69, 'The Tuckaway Taipei', 4.6, '02-2939-2816', '台北市文山區木柵路三段48巷1弄6號1樓', '位於木柵路的咖啡簡餐店，餐點品項不多，卻是個適合吃飽飯，慢慢享受悠閒時光的好地方。', 0),
(70, '波波恰恰大馬風味餐', 4, '02-2939-6484', '台北市文山區指南路二段48號', '道地的馬來西亞餐廳，提供各式飯食及麵食，享用馬來風味的餐點。', 0),
(71, '多果 duo guo異國風味料理', 4.4, '02-2938-2028', '台北市文山區指南路二段45巷3號', '各國料理餐廳，提供義大利麵、鐵板麵、韓式拌飯等多種風味料理。', 0),
(72, '里克德義廚房', 4.4, '02-2939-9972', '台北市文山區新光路一段22-1號', '位於政大校園附近的餐廳，提供義大利麵、燉飯等義式，套餐價合理，是個適合學生聚餐的好地方。', 0),
(73, '滇味廚房', 4, '02-2938-4788', '台北市文山區指南路二段167號', '位於政大校園附近的越南餐廳，提供越南傳統麵線，當地調味，道地的越南料理。', 0),
(74, '美香味快餐', 4.1, '02-2939-7414', '台北市文山區指南路二段50號', '位於政大校園附近的快餐店，提供便當、麵食等品項，出餐快，適合趕時間的學生。', 0),
(75, '韓大佬韓式精緻料理', 4, '02-2938-5008', '台北市文山區新光路一段27號', '位於政大校園附近的韓國餐廳，提供部隊鍋、炒年糕、銅盤烤肉等韓國道地料理。', 0),
(76, '原丼力', 4.3, '02-2939-6884', '台北市文山區指南路二段119巷5號', '位於政大校園附近的餐廳，提供丼飯、咖哩飯等日式飯食，店內氣氛佳。', 500),
(77, '蛋蛋的幸福 蔬食料理', 4.7, '0968-606-499', '台北市文山區指南路二段25號', '位於政大校園附近的素食餐廳，提供咖哩飯、輕食料理等，店內裝潢舒適。', 0),
(78, '湯饌', 3.6, '02-2939-0790', '台北市文山區指南路二段46號', '位於政大校園附近的鍋物店，提供小火鍋、鐵板類食物，適合學生聚餐。', 0);

-- --------------------------------------------------------

--
-- Table structure for table `table_time`
--

CREATE TABLE `table_time` (
  `time_id` int(10) NOT NULL,
  `rest_id` int(10) NOT NULL,
  `day` varchar(15) NOT NULL,
  `begin` time NOT NULL,
  `end` time NOT NULL
) ENGINE=InnoDB DEFAULT CHARSET=utf8mb4;

--
-- Dumping data for table `table_time`
--

INSERT INTO `table_time` (`time_id`, `rest_id`, `day`, `begin`, `end`) VALUES
(1, 1, 'Mon', '11:00:00', '13:30:00'),
(2, 1, 'Tue', '11:00:00', '13:30:00'),
(3, 1, 'Wed', '11:00:00', '13:30:00'),
(4, 1, 'Thu', '11:00:00', '13:30:00'),
(5, 1, 'Fri', '11:00:00', '13:30:00'),
(6, 1, 'Sat', '11:00:00', '13:30:00'),
(7, 1, 'Mon', '17:00:00', '19:30:00'),
(8, 1, 'Tue', '17:00:00', '19:30:00'),
(9, 1, 'Wed', '17:00:00', '19:30:00'),
(10, 1, 'Thu', '17:00:00', '19:30:00'),
(11, 1, 'Fri', '17:00:00', '19:30:00'),
(12, 1, 'Sat', '17:00:00', '19:30:00'),
(13, 2, 'Mon', '11:00:00', '20:00:00'),
(14, 2, 'Tue', '11:00:00', '20:00:00'),
(15, 2, 'Wed', '11:00:00', '20:00:00'),
(16, 2, 'Thu', '11:00:00', '20:00:00'),
(17, 2, 'Fri', '11:00:00', '20:00:00'),
(18, 2, 'Sat', '11:00:00', '20:00:00'),
(19, 3, 'Mon', '17:00:00', '00:00:00'),
(20, 3, 'Tue', '17:00:00', '00:00:00'),
(21, 3, 'Wed', '17:00:00', '00:00:00'),
(22, 3, 'Thu', '17:00:00', '00:00:00'),
(23, 3, 'Fri', '17:00:00', '00:00:00'),
(24, 3, 'Sat', '17:00:00', '00:00:00'),
(25, 4, 'Mon', '10:40:00', '14:00:00'),
(26, 4, 'Tue', '10:40:00', '14:00:00'),
(27, 4, 'Wed', '10:40:00', '14:00:00'),
(28, 4, 'Thu', '10:40:00', '14:00:00'),
(29, 4, 'Fri', '10:40:00', '14:00:00'),
(30, 4, 'Sat', '10:40:00', '14:00:00'),
(31, 4, 'Mon', '16:20:00', '20:30:00'),
(32, 4, 'Tue', '16:20:00', '20:30:00'),
(33, 4, 'Wed', '16:20:00', '20:30:00'),
(34, 4, 'Thu', '16:20:00', '20:30:00'),
(35, 4, 'Fri', '16:20:00', '20:30:00'),
(36, 4, 'Sat', '16:20:00', '20:30:00'),
(37, 5, 'Mon', '11:00:00', '20:00:00'),
(38, 5, 'Tue', '11:00:00', '20:00:00'),
(39, 5, 'Wed', '11:00:00', '20:00:00'),
(40, 5, 'Thu', '11:00:00', '20:00:00'),
(41, 5, 'Fri', '11:00:00', '20:00:00'),
(42, 5, 'Sun', '11:00:00', '20:00:00'),
(43, 6, 'Mon', '11:00:00', '21:00:00'),
(44, 6, 'Tue', '11:00:00', '21:00:00'),
(45, 6, 'Wed', '11:00:00', '21:00:00'),
(46, 6, 'Thu', '11:00:00', '21:00:00'),
(47, 6, 'Fri', '11:00:00', '21:00:00'),
(48, 6, 'Sat', '11:00:00', '21:00:00'),
(49, 6, 'Sun', '11:00:00', '21:00:00'),
(50, 7, 'Mon', '12:00:00', '13:30:00'),
(51, 7, 'Tue', '12:00:00', '13:30:00'),
(52, 7, 'Wed', '12:00:00', '13:30:00'),
(53, 7, 'Thu', '12:00:00', '13:30:00'),
(54, 7, 'Fri', '12:00:00', '13:30:00'),
(55, 7, 'Mon', '17:00:00', '21:30:00'),
(56, 7, 'Tue', '17:00:00', '21:30:00'),
(57, 7, 'Wed', '17:00:00', '21:30:00'),
(58, 7, 'Thu', '17:00:00', '21:30:00'),
(59, 7, 'Fri', '17:00:00', '21:30:00'),
(60, 7, 'Sat', '11:30:00', '21:30:00'),
(61, 7, 'Sun', '11:30:00', '21:30:00'),
(62, 8, 'Mon', '11:00:00', '22:00:00'),
(63, 8, 'Tue', '11:00:00', '22:00:00'),
(64, 8, 'Wed', '11:00:00', '22:00:00'),
(65, 8, 'Thu', '11:00:00', '22:00:00'),
(66, 8, 'Fri', '11:00:00', '22:00:00'),
(67, 8, 'Sat', '11:00:00', '22:00:00'),
(68, 8, 'Sun', '11:00:00', '22:00:00'),
(69, 9, 'Mon', '11:00:00', '21:30:00'),
(70, 9, 'Tue', '11:00:00', '21:30:00'),
(71, 9, 'Wed', '11:00:00', '21:30:00'),
(72, 9, 'Thu', '11:00:00', '21:30:00'),
(73, 9, 'Fri', '11:00:00', '22:00:00'),
(74, 9, 'Sat', '11:00:00', '22:00:00'),
(75, 9, 'Sun', '11:00:00', '21:30:00'),
(76, 10, 'Tue', '17:00:00', '23:30:00'),
(77, 10, 'Wed', '17:00:00', '23:30:00'),
(78, 10, 'Thu', '17:00:00', '23:30:00'),
(79, 10, 'Fri', '17:00:00', '23:30:00'),
(80, 10, 'Sat', '17:00:00', '23:30:00'),
(81, 10, 'Sun', '17:00:00', '23:30:00'),
(82, 11, 'Mon', '10:00:00', '00:00:00'),
(83, 11, 'Tue', '10:00:00', '00:00:00'),
(84, 11, 'Wed', '10:00:00', '00:00:00'),
(85, 11, 'Thu', '10:00:00', '00:00:00'),
(86, 11, 'Fri', '10:00:00', '00:00:00'),
(87, 11, 'Sat', '10:00:00', '00:00:00'),
(88, 11, 'Sun', '10:00:00', '00:00:00'),
(89, 12, 'Mon', '16:00:00', '22:30:00'),
(90, 12, 'Tue', '16:00:00', '22:30:00'),
(91, 12, 'Wed', '16:00:00', '22:30:00'),
(92, 12, 'Fri', '16:00:00', '22:30:00'),
(93, 12, 'Sat', '16:00:00', '22:30:00'),
(94, 12, 'Sun', '16:00:00', '22:30:00'),
(95, 13, 'Mon', '11:30:00', '15:00:00'),
(96, 13, 'Tue', '11:30:00', '15:00:00'),
(97, 13, 'Wed', '11:30:00', '15:00:00'),
(98, 13, 'Thu', '11:30:00', '15:00:00'),
(99, 13, 'Fri', '11:30:00', '15:00:00'),
(100, 13, 'Sat', '11:30:00', '15:00:00'),
(101, 13, 'Sun', '11:30:00', '15:00:00'),
(102, 13, 'Mon', '17:30:00', '04:00:00'),
(103, 13, 'Tue', '17:30:00', '04:00:00'),
(104, 13, 'Wed', '17:30:00', '04:00:00'),
(105, 13, 'Thu', '17:30:00', '04:00:00'),
(106, 13, 'Fri', '17:30:00', '04:00:00'),
(107, 13, 'Sat', '17:30:00', '04:00:00'),
(108, 13, 'Sun', '17:30:00', '04:00:00'),
(109, 14, 'Mon', '11:00:00', '22:00:00'),
(110, 14, 'Tue', '11:00:00', '22:00:00'),
(111, 14, 'Wed', '11:00:00', '22:00:00'),
(112, 14, 'Thu', '11:00:00', '22:00:00'),
(113, 14, 'Fri', '11:00:00', '22:00:00'),
(114, 14, 'Sat', '11:00:00', '22:00:00'),
(115, 14, 'Sun', '11:00:00', '22:00:00'),
(116, 15, 'Mon', '07:00:00', '21:30:00'),
(117, 15, 'Tue', '07:00:00', '21:30:00'),
(118, 15, 'Wed', '07:00:00', '21:30:00'),
(119, 15, 'Thu', '07:00:00', '21:30:00'),
(120, 15, 'Fri', '07:00:00', '21:30:00'),
(121, 15, 'Sat', '07:00:00', '21:30:00'),
(122, 15, 'Sun', '07:00:00', '21:30:00'),
(123, 16, 'Mon', '11:00:00', '14:30:00'),
(124, 16, 'Tue', '11:00:00', '14:30:00'),
(125, 16, 'Wed', '11:00:00', '14:30:00'),
(126, 16, 'Thu', '11:00:00', '14:30:00'),
(127, 16, 'Fri', '11:00:00', '14:30:00'),
(128, 16, 'Sat', '11:00:00', '14:30:00'),
(129, 16, 'Sun', '11:00:00', '14:30:00'),
(130, 16, 'Mon', '17:00:00', '21:00:00'),
(131, 16, 'Tue', '17:00:00', '21:00:00'),
(132, 16, 'Wed', '17:00:00', '21:00:00'),
(133, 16, 'Thu', '17:00:00', '21:00:00'),
(134, 16, 'Fri', '17:00:00', '21:00:00'),
(135, 16, 'Sat', '17:00:00', '21:00:00'),
(136, 16, 'Sun', '17:00:00', '21:00:00'),
(137, 17, 'Mon', '11:30:00', '21:00:00'),
(138, 17, 'Tue', '11:30:00', '21:00:00'),
(139, 17, 'Wed', '11:30:00', '21:00:00'),
(140, 17, 'Thu', '11:30:00', '21:00:00'),
(141, 17, 'Fri', '11:30:00', '21:00:00'),
(142, 17, 'Sat', '11:30:00', '21:00:00'),
(143, 17, 'Sun', '11:30:00', '21:00:00'),
(144, 18, 'Mon', '10:00:00', '20:20:00'),
(145, 18, 'Tue', '10:00:00', '20:20:00'),
(146, 18, 'Wed', '10:00:00', '20:20:00'),
(147, 18, 'Thu', '10:00:00', '20:20:00'),
(148, 18, 'Fri', '10:00:00', '20:20:00'),
(149, 18, 'Sat', '10:00:00', '19:30:00'),
(150, 19, 'Mon', '11:30:00', '14:00:00'),
(151, 19, 'Wed', '11:30:00', '14:00:00'),
(152, 19, 'Thu', '11:30:00', '14:00:00'),
(153, 19, 'Fri', '11:30:00', '14:00:00'),
(154, 19, 'Sat', '11:30:00', '14:00:00'),
(155, 19, 'Sun', '11:30:00', '14:00:00'),
(156, 19, 'Mon', '17:00:00', '21:00:00'),
(157, 19, 'Wed', '17:00:00', '21:00:00'),
(158, 19, 'Thu', '17:00:00', '21:00:00'),
(159, 19, 'Fri', '17:00:00', '21:00:00'),
(160, 19, 'Sat', '17:00:00', '21:00:00'),
(161, 19, 'Sun', '17:00:00', '21:00:00'),
(162, 20, 'Mon', '11:30:00', '21:00:00'),
(163, 20, 'Tue', '11:30:00', '21:00:00'),
(164, 20, 'Wed', '11:30:00', '21:00:00'),
(165, 20, 'Thu', '11:30:00', '21:00:00'),
(166, 20, 'Fri', '11:30:00', '21:00:00'),
(167, 20, 'Sat', '11:30:00', '21:00:00'),
(168, 20, 'Sun', '11:30:00', '21:00:00'),
(169, 21, 'Mon', '21:00:00', '10:30:00'),
(170, 21, 'Tue', '21:00:00', '10:30:00'),
(171, 21, 'Wed', '21:00:00', '10:30:00'),
(172, 21, 'Thu', '21:00:00', '10:30:00'),
(173, 21, 'Fri', '21:00:00', '10:30:00'),
(174, 21, 'Sat', '21:00:00', '10:30:00'),
(175, 22, 'Mon', '12:00:00', '21:00:00'),
(176, 22, 'Tue', '12:00:00', '21:00:00'),
(177, 22, 'Wed', '12:00:00', '21:00:00'),
(178, 22, 'Thu', '12:00:00', '21:00:00'),
(179, 22, 'Fri', '12:00:00', '21:00:00'),
(180, 22, 'Sat', '12:00:00', '21:00:00'),
(181, 22, 'Sun', '12:00:00', '18:00:00'),
(182, 23, 'Mon', '11:00:00', '15:00:00'),
(183, 23, 'Tue', '11:00:00', '15:00:00'),
(184, 23, 'Wed', '11:00:00', '15:00:00'),
(185, 23, 'Thu', '11:00:00', '15:00:00'),
(186, 23, 'Fri', '11:00:00', '15:00:00'),
(187, 23, 'Sat', '11:00:00', '15:00:00'),
(188, 23, 'Sun', '11:00:00', '15:00:00'),
(189, 23, 'Mon', '17:00:00', '20:30:00'),
(190, 23, 'Tue', '17:00:00', '20:30:00'),
(191, 23, 'Wed', '17:00:00', '20:30:00'),
(192, 23, 'Thu', '17:00:00', '20:30:00'),
(193, 23, 'Fri', '17:00:00', '20:30:00'),
(194, 23, 'Sat', '17:00:00', '20:30:00'),
(195, 23, 'Sun', '17:00:00', '20:30:00'),
(196, 24, 'Mon', '11:30:00', '14:30:00'),
(197, 24, 'Tue', '11:30:00', '14:30:00'),
(198, 24, 'Wed', '11:30:00', '14:30:00'),
(199, 24, 'Thu', '11:30:00', '14:30:00'),
(200, 24, 'Fri', '11:30:00', '14:30:00'),
(201, 24, 'Sat', '11:30:00', '14:30:00'),
(202, 24, 'Mon', '16:30:00', '21:30:00'),
(203, 24, 'Tue', '16:30:00', '21:30:00'),
(204, 24, 'Wed', '16:30:00', '21:30:00'),
(205, 24, 'Thu', '16:30:00', '21:30:00'),
(206, 24, 'Fri', '16:30:00', '21:30:00'),
(207, 24, 'Sat', '16:30:00', '21:30:00'),
(208, 25, 'Mon', '11:00:00', '21:00:00'),
(209, 25, 'Tue', '11:00:00', '21:00:00'),
(210, 25, 'Wed', '11:00:00', '21:00:00'),
(211, 25, 'Thu', '11:00:00', '21:00:00'),
(212, 25, 'Fri', '11:00:00', '21:00:00'),
(213, 25, 'Sat', '11:00:00', '21:00:00'),
(214, 25, 'Sun', '11:00:00', '21:00:00'),
(215, 26, 'Tue', '11:00:00', '14:00:00'),
(216, 26, 'Wed', '11:00:00', '14:00:00'),
(217, 26, 'Thu', '11:00:00', '14:00:00'),
(218, 26, 'Fri', '11:00:00', '14:00:00'),
(219, 26, 'Sat', '11:00:00', '14:00:00'),
(220, 26, 'Sun', '11:00:00', '14:00:00'),
(221, 26, 'Tue', '17:00:00', '20:30:00'),
(222, 26, 'Wed', '17:00:00', '20:30:00'),
(223, 26, 'Thu', '17:00:00', '20:30:00'),
(224, 26, 'Fri', '17:00:00', '20:30:00'),
(225, 26, 'Sat', '17:00:00', '20:30:00'),
(226, 26, 'Sun', '17:00:00', '20:30:00'),
(227, 27, 'Mon', '11:00:00', '14:00:00'),
(228, 27, 'Tue', '11:00:00', '14:00:00'),
(229, 27, 'Wed', '11:00:00', '14:00:00'),
(230, 27, 'Thu', '11:00:00', '14:00:00'),
(231, 27, 'Fri', '11:00:00', '14:00:00'),
(232, 27, 'Sat', '11:00:00', '14:00:00'),
(233, 27, 'Sun', '11:00:00', '14:00:00'),
(234, 27, 'Mon', '17:00:00', '20:00:00'),
(235, 27, 'Tue', '17:00:00', '20:00:00'),
(236, 27, 'Wed', '17:00:00', '20:00:00'),
(237, 27, 'Thu', '17:00:00', '20:00:00'),
(238, 27, 'Fri', '17:00:00', '20:00:00'),
(239, 27, 'Sat', '17:00:00', '20:00:00'),
(240, 27, 'Sun', '17:00:00', '20:00:00'),
(241, 28, 'Mon', '11:00:00', '14:30:00'),
(242, 28, 'Tue', '11:00:00', '14:30:00'),
(243, 28, 'Wed', '11:00:00', '14:30:00'),
(244, 28, 'Thu', '11:00:00', '14:30:00'),
(245, 28, 'Fri', '11:00:00', '14:30:00'),
(246, 28, 'Sat', '11:00:00', '14:30:00'),
(247, 28, 'Mon', '16:30:00', '21:00:00'),
(248, 28, 'Tue', '16:30:00', '21:00:00'),
(249, 28, 'Wed', '16:30:00', '21:00:00'),
(250, 28, 'Thu', '16:30:00', '21:00:00'),
(251, 28, 'Fri', '16:30:00', '21:00:00'),
(252, 28, 'Sat', '16:30:00', '21:00:00'),
(253, 29, 'Mon', '16:00:00', '00:00:00'),
(254, 29, 'Tue', '16:00:00', '00:00:00'),
(255, 29, 'Wed', '16:00:00', '00:00:00'),
(256, 29, 'Thu', '16:00:00', '00:00:00'),
(257, 29, 'Fri', '16:00:00', '00:00:00'),
(258, 29, 'Sun', '16:00:00', '00:00:00'),
(259, 30, 'Mon', '11:00:00', '14:00:00'),
(260, 30, 'Tue', '11:00:00', '14:00:00'),
(261, 30, 'Wed', '11:00:00', '14:00:00'),
(262, 30, 'Thu', '11:00:00', '14:00:00'),
(263, 30, 'Fri', '11:00:00', '14:00:00'),
(264, 30, 'Sat', '11:00:00', '14:00:00'),
(265, 30, 'Sun', '11:00:00', '14:00:00'),
(266, 30, 'Mon', '17:00:00', '21:00:00'),
(267, 30, 'Tue', '17:00:00', '21:00:00'),
(268, 30, 'Wed', '17:00:00', '21:00:00'),
(269, 30, 'Thu', '17:00:00', '21:00:00'),
(270, 30, 'Fri', '17:00:00', '21:00:00'),
(271, 30, 'Sat', '17:00:00', '21:00:00'),
(272, 30, 'Sun', '17:00:00', '21:00:00'),
(273, 31, 'Mon', '10:30:00', '20:00:00'),
(274, 31, 'Tue', '10:30:00', '20:00:00'),
(275, 31, 'Wed', '10:30:00', '20:00:00'),
(276, 31, 'Thu', '10:30:00', '20:00:00'),
(277, 31, 'Sat', '10:30:00', '20:00:00'),
(278, 31, 'Sun', '10:30:00', '20:00:00'),
(279, 32, 'Mon', '10:30:00', '20:30:00'),
(280, 32, 'Tue', '10:30:00', '20:30:00'),
(281, 32, 'Wed', '10:30:00', '20:30:00'),
(282, 32, 'Thu', '10:30:00', '20:30:00'),
(283, 32, 'Fri', '10:30:00', '20:30:00'),
(284, 32, 'Sat', '10:30:00', '20:30:00'),
(285, 32, 'Sun', '10:30:00', '20:30:00'),
(286, 33, 'Mon', '11:30:00', '14:00:00'),
(287, 33, 'Tue', '11:30:00', '14:00:00'),
(288, 33, 'Wed', '11:30:00', '14:00:00'),
(289, 33, 'Thu', '11:30:00', '14:00:00'),
(290, 33, 'Fri', '11:30:00', '14:00:00'),
(291, 33, 'Mon', '17:00:00', '20:30:00'),
(292, 33, 'Tue', '17:00:00', '20:30:00'),
(293, 33, 'Wed', '17:00:00', '20:30:00'),
(294, 33, 'Thu', '17:00:00', '20:30:00'),
(295, 33, 'Fri', '17:00:00', '20:30:00'),
(296, 34, 'Mon', '11:20:00', '19:30:00'),
(297, 34, 'Tue', '11:20:00', '19:30:00'),
(298, 34, 'Wed', '11:20:00', '19:30:00'),
(299, 34, 'Thu', '11:20:00', '19:30:00'),
(300, 34, 'Fri', '11:20:00', '19:30:00'),
(301, 34, 'Sun', '11:20:00', '19:30:00'),
(302, 35, 'Mon', '11:00:00', '14:00:00'),
(303, 35, 'Tue', '11:00:00', '14:00:00'),
(304, 35, 'Wed', '11:00:00', '14:00:00'),
(305, 35, 'Thu', '11:00:00', '14:00:00'),
(306, 35, 'Fri', '11:00:00', '14:00:00'),
(307, 35, 'Sat', '11:00:00', '14:00:00'),
(308, 35, 'Sun', '11:00:00', '14:00:00'),
(309, 35, 'Mon', '17:00:00', '19:30:00'),
(310, 35, 'Tue', '17:00:00', '19:30:00'),
(311, 35, 'Wed', '17:00:00', '19:30:00'),
(312, 35, 'Thu', '17:00:00', '19:30:00'),
(313, 35, 'Fri', '17:00:00', '19:30:00'),
(314, 35, 'Sat', '17:00:00', '19:30:00'),
(315, 35, 'Sun', '17:00:00', '19:30:00'),
(316, 36, 'Mon', '11:00:00', '14:00:00'),
(317, 36, 'Tue', '11:00:00', '14:00:00'),
(318, 36, 'Wed', '11:00:00', '14:00:00'),
(319, 36, 'Thu', '11:00:00', '14:00:00'),
(320, 36, 'Fri', '11:00:00', '14:00:00'),
(321, 36, 'Sun', '11:00:00', '14:00:00'),
(322, 36, 'Mon', '17:00:00', '20:00:00'),
(323, 36, 'Tue', '17:00:00', '20:00:00'),
(324, 36, 'Wed', '17:00:00', '20:00:00'),
(325, 36, 'Thu', '17:00:00', '20:00:00'),
(326, 36, 'Fri', '17:00:00', '20:00:00'),
(327, 36, 'Sun', '17:00:00', '20:00:00'),
(328, 37, 'Mon', '11:00:00', '14:00:00'),
(329, 37, 'Tue', '11:00:00', '14:00:00'),
(330, 37, 'Wed', '11:00:00', '14:00:00'),
(331, 37, 'Thu', '11:00:00', '14:00:00'),
(332, 37, 'Fri', '11:00:00', '14:00:00'),
(333, 37, 'Sat', '11:00:00', '14:00:00'),
(334, 37, 'Mon', '17:00:00', '20:00:00'),
(335, 37, 'Tue', '17:00:00', '20:00:00'),
(336, 37, 'Wed', '17:00:00', '20:00:00'),
(337, 37, 'Thu', '17:00:00', '20:00:00'),
(338, 37, 'Fri', '17:00:00', '20:00:00'),
(339, 38, 'Mon', '11:00:00', '15:00:00'),
(340, 38, 'Tue', '11:00:00', '15:00:00'),
(341, 38, 'Wed', '11:00:00', '15:00:00'),
(342, 38, 'Thu', '11:00:00', '15:00:00'),
(343, 38, 'Fri', '11:00:00', '15:00:00'),
(344, 38, 'Mon', '16:30:00', '20:30:00'),
(345, 38, 'Tue', '16:30:00', '20:30:00'),
(346, 38, 'Wed', '16:30:00', '20:30:00'),
(347, 38, 'Thu', '16:30:00', '20:30:00'),
(348, 38, 'Fri', '16:30:00', '20:30:00'),
(349, 39, 'Mon', '11:00:00', '23:00:00'),
(350, 39, 'Tue', '11:00:00', '23:00:00'),
(351, 39, 'Wed', '11:00:00', '23:00:00'),
(352, 39, 'Thu', '11:00:00', '23:00:00'),
(353, 39, 'Fri', '11:00:00', '23:00:00'),
(354, 39, 'Sat', '11:00:00', '23:00:00'),
(355, 40, 'Mon', '11:00:00', '14:00:00'),
(356, 40, 'Tue', '11:00:00', '14:00:00'),
(357, 40, 'Wed', '11:00:00', '14:00:00'),
(358, 40, 'Thu', '11:00:00', '14:00:00'),
(359, 40, 'Fri', '11:00:00', '14:00:00'),
(360, 40, 'Sat', '11:00:00', '14:00:00'),
(361, 40, 'Mon', '17:00:00', '20:00:00'),
(362, 40, 'Tue', '17:00:00', '20:00:00'),
(363, 40, 'Wed', '17:00:00', '20:00:00'),
(364, 40, 'Thu', '17:00:00', '20:00:00'),
(365, 40, 'Fri', '17:00:00', '20:00:00'),
(366, 40, 'Sat', '17:00:00', '20:00:00'),
(367, 41, 'Mon', '11:30:00', '22:00:00'),
(368, 41, 'Tue', '11:30:00', '22:00:00'),
(369, 41, 'Wed', '11:30:00', '22:00:00'),
(370, 41, 'Thu', '11:30:00', '22:00:00'),
(371, 41, 'Fri', '11:30:00', '22:00:00'),
(372, 41, 'Sat', '10:30:00', '22:00:00'),
(373, 41, 'Sun', '10:30:00', '22:00:00'),
(374, 42, 'Mon', '08:00:00', '22:00:00'),
(375, 42, 'Tue', '08:00:00', '22:00:00'),
(376, 42, 'Wed', '08:00:00', '22:00:00'),
(377, 42, 'Thu', '08:00:00', '22:00:00'),
(378, 42, 'Fri', '08:00:00', '22:00:00'),
(379, 42, 'Sat', '08:00:00', '22:00:00'),
(380, 42, 'Sun', '08:00:00', '22:00:00'),
(381, 43, 'Mon', '11:00:00', '13:30:00'),
(382, 43, 'Tue', '11:00:00', '13:30:00'),
(383, 43, 'Wed', '11:00:00', '13:30:00'),
(384, 43, 'Thu', '11:00:00', '13:30:00'),
(385, 43, 'Fri', '11:00:00', '13:30:00'),
(386, 43, 'Sat', '11:00:00', '13:30:00'),
(387, 44, 'Mon', '11:00:00', '21:00:00'),
(388, 44, 'Tue', '11:00:00', '21:00:00'),
(389, 44, 'Wed', '11:00:00', '21:00:00'),
(390, 44, 'Thu', '11:00:00', '21:00:00'),
(391, 44, 'Fri', '11:00:00', '21:00:00'),
(392, 44, 'Sun', '11:00:00', '21:00:00'),
(393, 45, 'Mon', '17:00:00', '22:00:00'),
(394, 45, 'Tue', '17:00:00', '22:00:00'),
(395, 45, 'Wed', '17:00:00', '22:00:00'),
(396, 45, 'Thu', '17:00:00', '22:00:00'),
(397, 45, 'Fri', '17:00:00', '22:00:00'),
(398, 45, 'Sat', '17:00:00', '22:00:00'),
(399, 45, 'Sun', '17:00:00', '22:00:00'),
(400, 46, 'Mon', '11:00:00', '14:00:00'),
(401, 46, 'Tue', '11:00:00', '14:00:00'),
(402, 46, 'Wed', '11:00:00', '14:00:00'),
(403, 46, 'Thu', '11:00:00', '14:00:00'),
(404, 46, 'Fri', '11:00:00', '14:00:00'),
(405, 46, 'Sat', '11:00:00', '14:00:00'),
(406, 46, 'Sun', '11:00:00', '14:00:00'),
(407, 46, 'Mon', '17:00:00', '20:30:00'),
(408, 46, 'Tue', '17:00:00', '20:30:00'),
(409, 46, 'Wed', '17:00:00', '20:30:00'),
(410, 46, 'Thu', '17:00:00', '20:30:00'),
(411, 46, 'Fri', '17:00:00', '20:30:00'),
(412, 46, 'Sat', '17:00:00', '20:30:00'),
(413, 46, 'Sun', '17:00:00', '20:30:00'),
(414, 47, 'Mon', '11:00:00', '14:00:00'),
(415, 47, 'Tue', '11:00:00', '14:00:00'),
(416, 47, 'Wed', '11:00:00', '14:00:00'),
(417, 47, 'Thu', '11:00:00', '14:00:00'),
(418, 47, 'Fri', '11:00:00', '14:00:00'),
(419, 47, 'Sat', '11:00:00', '14:00:00'),
(420, 47, 'Sun', '11:00:00', '14:00:00'),
(421, 47, 'Mon', '17:00:00', '21:00:00'),
(422, 47, 'Tue', '17:00:00', '21:00:00'),
(423, 47, 'Wed', '17:00:00', '21:00:00'),
(424, 47, 'Thu', '17:00:00', '21:00:00'),
(425, 47, 'Fri', '17:00:00', '21:00:00'),
(426, 47, 'Sat', '17:00:00', '21:00:00'),
(427, 47, 'Sun', '17:00:00', '21:00:00'),
(428, 48, 'Tue', '11:30:00', '13:30:00'),
(429, 48, 'Wed', '11:30:00', '13:30:00'),
(430, 48, 'Thu', '11:30:00', '13:30:00'),
(431, 48, 'Fri', '11:30:00', '13:30:00'),
(432, 48, 'Sat', '11:30:00', '13:30:00'),
(433, 48, 'Sun', '11:30:00', '13:30:00'),
(434, 48, 'Tue', '17:00:00', '21:00:00'),
(435, 48, 'Wed', '17:00:00', '21:00:00'),
(436, 48, 'Thu', '17:00:00', '21:00:00'),
(437, 48, 'Fri', '17:00:00', '21:00:00'),
(438, 48, 'Sat', '17:00:00', '21:00:00'),
(439, 48, 'Sun', '17:00:00', '21:00:00'),
(440, 49, 'Mon', '11:30:00', '14:00:00'),
(441, 49, 'Tue', '11:30:00', '14:00:00'),
(442, 49, 'Thu', '11:30:00', '14:00:00'),
(443, 49, 'Fri', '11:30:00', '14:00:00'),
(444, 49, 'Sat', '11:30:00', '14:00:00'),
(445, 49, 'Sun', '11:30:00', '14:00:00'),
(446, 49, 'Mon', '17:30:00', '21:00:00'),
(447, 49, 'Tue', '17:30:00', '21:00:00'),
(448, 49, 'Thu', '17:30:00', '21:00:00'),
(449, 49, 'Fri', '17:30:00', '21:00:00'),
(450, 49, 'Sat', '17:30:00', '21:00:00'),
(451, 49, 'Sun', '17:30:00', '21:00:00'),
(452, 50, 'Tue', '17:30:00', '21:30:00'),
(453, 50, 'Wed', '17:30:00', '21:30:00'),
(454, 50, 'Thu', '17:30:00', '21:30:00'),
(455, 50, 'Fri', '17:30:00', '21:30:00'),
(456, 50, 'Sat', '17:30:00', '21:30:00'),
(457, 50, 'Sun', '17:30:00', '21:30:00'),
(458, 50, 'Sat', '11:30:00', '14:00:00'),
(459, 50, 'Sun', '11:30:00', '14:00:00'),
(460, 51, 'Mon', '17:30:00', '01:00:00'),
(461, 51, 'Tue', '17:30:00', '01:00:00'),
(462, 51, 'Wed', '17:30:00', '01:00:00'),
(463, 51, 'Thu', '17:30:00', '01:00:00'),
(464, 51, 'Fri', '17:30:00', '01:00:00'),
(465, 51, 'Sat', '17:30:00', '01:00:00'),
(466, 51, 'Sun', '17:30:00', '01:00:00'),
(467, 52, 'Mon', '17:00:00', '01:00:00'),
(468, 52, 'Tue', '17:00:00', '01:00:00'),
(469, 52, 'Wed', '17:00:00', '01:00:00'),
(470, 52, 'Thu', '17:00:00', '01:00:00'),
(471, 52, 'Fri', '17:00:00', '01:00:00'),
(472, 52, 'Sun', '17:00:00', '01:00:00'),
(473, 53, 'Mon', '11:30:00', '14:30:00'),
(474, 53, 'Tue', '11:30:00', '14:30:00'),
(475, 53, 'Wed', '11:30:00', '14:30:00'),
(476, 53, 'Thu', '11:30:00', '14:30:00'),
(477, 53, 'Fri', '11:30:00', '14:30:00'),
(478, 53, 'Sat', '11:30:00', '21:30:00'),
(479, 53, 'Sun', '11:30:00', '21:30:00'),
(480, 53, 'Mon', '17:00:00', '21:30:00'),
(481, 53, 'Tue', '17:00:00', '21:30:00'),
(482, 53, 'Wed', '17:00:00', '21:30:00'),
(483, 53, 'Thu', '17:00:00', '21:30:00'),
(484, 53, 'Fri', '17:00:00', '21:30:00'),
(485, 54, 'Tue', '07:00:00', '13:30:00'),
(486, 54, 'Wed', '07:00:00', '13:30:00'),
(487, 54, 'Thu', '07:00:00', '13:30:00'),
(488, 54, 'Fri', '07:00:00', '13:30:00'),
(489, 54, 'Sat', '07:00:00', '13:30:00'),
(490, 54, 'Sun', '07:00:00', '13:30:00'),
(491, 55, 'Mon', '11:30:00', '14:00:00'),
(492, 55, 'Wed', '11:30:00', '14:00:00'),
(493, 55, 'Thu', '11:30:00', '14:00:00'),
(494, 55, 'Fri', '11:30:00', '14:00:00'),
(495, 55, 'Sat', '11:30:00', '14:00:00'),
(496, 55, 'Sun', '11:30:00', '14:00:00'),
(497, 55, 'Mon', '17:00:00', '20:30:00'),
(498, 55, 'Wed', '17:00:00', '20:30:00'),
(499, 55, 'Thu', '17:00:00', '20:30:00'),
(500, 55, 'Fri', '17:00:00', '20:30:00'),
(501, 55, 'Sat', '17:00:00', '20:30:00'),
(502, 55, 'Sun', '17:00:00', '20:30:00'),
(503, 56, 'Tue', '11:00:00', '14:00:00'),
(504, 56, 'Wed', '11:00:00', '14:00:00'),
(505, 56, 'Thu', '11:00:00', '14:00:00'),
(506, 56, 'Fri', '11:00:00', '14:00:00'),
(507, 56, 'Sat', '11:00:00', '14:00:00'),
(508, 56, 'Sun', '11:00:00', '14:00:00'),
(509, 56, 'Tue', '17:00:00', '21:00:00'),
(510, 56, 'Wed', '17:00:00', '21:00:00'),
(511, 56, 'Thu', '17:00:00', '21:00:00'),
(512, 56, 'Fri', '17:00:00', '21:00:00'),
(513, 56, 'Sat', '17:00:00', '21:00:00'),
(514, 56, 'Sun', '17:00:00', '21:00:00'),
(515, 57, 'Mon', '11:30:00', '14:00:00'),
(516, 57, 'Wed', '11:30:00', '14:00:00'),
(517, 57, 'Thu', '11:30:00', '14:00:00'),
(518, 57, 'Fri', '11:30:00', '14:00:00'),
(519, 57, 'Sat', '11:30:00', '14:00:00'),
(520, 57, 'Sun', '11:30:00', '14:00:00'),
(521, 57, 'Mon', '17:00:00', '21:00:00'),
(522, 57, 'Wed', '17:00:00', '21:00:00'),
(523, 57, 'Thu', '17:00:00', '21:00:00'),
(524, 57, 'Fri', '17:00:00', '21:00:00'),
(525, 57, 'Sat', '17:00:00', '21:00:00'),
(526, 57, 'Sun', '17:00:00', '21:00:00'),
(527, 58, 'Tue', '11:00:00', '14:00:00'),
(528, 58, 'Wed', '11:00:00', '14:00:00'),
(529, 58, 'Thu', '11:00:00', '14:00:00'),
(530, 58, 'Fri', '11:00:00', '14:00:00'),
(531, 58, 'Sat', '11:00:00', '14:00:00'),
(532, 58, 'Sun', '11:00:00', '14:00:00'),
(533, 58, 'Tue', '17:00:00', '21:00:00'),
(534, 58, 'Wed', '17:00:00', '21:00:00'),
(535, 58, 'Thu', '17:00:00', '21:00:00'),
(536, 58, 'Fri', '17:00:00', '21:00:00'),
(537, 58, 'Sat', '17:00:00', '21:00:00'),
(538, 58, 'Sun', '17:00:00', '21:00:00'),
(539, 59, 'Tue', '11:30:00', '14:30:00'),
(540, 59, 'Wed', '11:30:00', '14:30:00'),
(541, 59, 'Thu', '11:30:00', '14:30:00'),
(542, 59, 'Fri', '11:30:00', '14:30:00'),
(543, 59, 'Sat', '11:30:00', '14:30:00'),
(544, 59, 'Sun', '11:30:00', '14:30:00'),
(545, 59, 'Tue', '17:30:00', '20:30:00'),
(546, 59, 'Wed', '17:30:00', '20:30:00'),
(547, 59, 'Thu', '17:30:00', '20:30:00'),
(548, 59, 'Fri', '17:30:00', '20:30:00'),
(549, 59, 'Sat', '17:30:00', '20:30:00'),
(550, 59, 'Sun', '17:30:00', '20:30:00'),
(551, 60, 'Mon', '11:30:00', '14:00:00'),
(552, 60, 'Tue', '11:30:00', '14:00:00'),
(553, 60, 'Wed', '11:30:00', '14:00:00'),
(554, 60, 'Thu', '11:30:00', '14:00:00'),
(555, 60, 'Fri', '11:30:00', '14:00:00'),
(556, 60, 'Sat', '11:30:00', '14:00:00'),
(557, 60, 'Sun', '11:30:00', '14:00:00'),
(558, 60, 'Mon', '17:30:00', '21:00:00'),
(559, 60, 'Tue', '17:30:00', '21:00:00'),
(560, 60, 'Wed', '17:30:00', '21:00:00'),
(561, 60, 'Thu', '17:30:00', '21:00:00'),
(562, 60, 'Fri', '17:30:00', '21:00:00'),
(563, 60, 'Sat', '17:30:00', '21:00:00'),
(564, 60, 'Sun', '17:30:00', '21:00:00'),
(565, 61, 'Tue', '12:00:00', '22:00:00'),
(566, 61, 'Wed', '12:00:00', '22:00:00'),
(567, 61, 'Thu', '12:00:00', '22:00:00'),
(568, 61, 'Fri', '12:00:00', '22:00:00'),
(569, 61, 'Sat', '12:00:00', '22:00:00'),
(570, 61, 'Sun', '12:00:00', '22:00:00'),
(571, 62, 'Mon', '11:00:00', '14:00:00'),
(572, 62, 'Tue', '11:00:00', '14:00:00'),
(573, 62, 'Wed', '11:00:00', '14:00:00'),
(574, 62, 'Thu', '11:00:00', '14:00:00'),
(575, 62, 'Fri', '11:00:00', '21:00:00'),
(576, 62, 'Sat', '11:00:00', '21:00:00'),
(577, 62, 'Sun', '11:00:00', '21:00:00'),
(578, 62, 'Mon', '17:00:00', '21:00:00'),
(579, 62, 'Tue', '17:00:00', '21:00:00'),
(580, 62, 'Wed', '17:00:00', '21:00:00'),
(581, 62, 'Thu', '17:00:00', '21:00:00'),
(582, 63, 'Tue', '11:00:00', '14:00:00'),
(583, 63, 'Wed', '11:00:00', '14:00:00'),
(584, 63, 'Thu', '11:00:00', '14:00:00'),
(585, 63, 'Fri', '11:00:00', '14:00:00'),
(586, 63, 'Sat', '11:00:00', '14:00:00'),
(587, 63, 'Sun', '11:00:00', '14:00:00'),
(588, 63, 'Tue', '17:30:00', '20:00:00'),
(589, 63, 'Wed', '17:30:00', '20:00:00'),
(590, 63, 'Thu', '17:30:00', '20:00:00'),
(591, 63, 'Fri', '17:30:00', '20:00:00'),
(592, 63, 'Sat', '17:30:00', '20:00:00'),
(593, 63, 'Sun', '17:30:00', '20:00:00'),
(594, 64, 'Mon', '11:00:00', '14:00:00'),
(595, 64, 'Tue', '11:00:00', '14:00:00'),
(596, 64, 'Wed', '11:00:00', '14:00:00'),
(597, 64, 'Thu', '11:00:00', '14:00:00'),
(598, 64, 'Fri', '11:00:00', '14:00:00'),
(599, 64, 'Sat', '11:00:00', '14:00:00'),
(600, 65, 'Mon', '11:00:00', '15:00:00'),
(601, 65, 'Tue', '11:00:00', '15:00:00'),
(602, 65, 'Wed', '11:00:00', '15:00:00'),
(603, 65, 'Thu', '11:00:00', '15:00:00'),
(604, 65, 'Fri', '11:00:00', '15:00:00'),
(605, 65, 'Sat', '11:00:00', '15:00:00'),
(606, 65, 'Sun', '11:00:00', '15:00:00'),
(607, 65, 'Mon', '17:00:00', '20:30:00'),
(608, 65, 'Tue', '17:00:00', '20:30:00'),
(609, 65, 'Wed', '17:00:00', '20:30:00'),
(610, 65, 'Thu', '17:00:00', '20:30:00'),
(611, 65, 'Fri', '17:00:00', '20:30:00'),
(612, 65, 'Sat', '17:00:00', '20:30:00'),
(613, 65, 'Sun', '17:00:00', '20:30:00'),
(614, 66, 'Mon', '18:00:00', '23:00:00'),
(615, 66, 'Tue', '18:00:00', '23:00:00'),
(616, 66, 'Wed', '18:00:00', '23:00:00'),
(617, 66, 'Thu', '18:00:00', '23:00:00'),
(618, 66, 'Fri', '18:00:00', '23:00:00'),
(619, 66, 'Sat', '18:00:00', '23:00:00'),
(620, 66, 'Sun', '18:00:00', '23:00:00'),
(621, 67, 'Mon', '11:00:00', '14:00:00'),
(622, 67, 'Tue', '11:00:00', '14:00:00'),
(623, 67, 'Wed', '11:00:00', '14:00:00'),
(624, 67, 'Thu', '11:00:00', '14:00:00'),
(625, 67, 'Fri', '11:00:00', '14:00:00'),
(626, 67, 'Sat', '11:00:00', '14:00:00'),
(627, 67, 'Mon', '17:00:00', '20:00:00'),
(628, 67, 'Tue', '17:00:00', '20:00:00'),
(629, 67, 'Wed', '17:00:00', '20:00:00'),
(630, 67, 'Thu', '17:00:00', '20:00:00'),
(631, 67, 'Fri', '17:00:00', '20:00:00'),
(632, 67, 'Sat', '17:00:00', '20:00:00'),
(633, 68, 'Tue', '09:00:00', '18:00:00'),
(634, 68, 'Wed', '09:00:00', '18:00:00'),
(635, 68, 'Thu', '09:00:00', '18:00:00'),
(636, 68, 'Fri', '09:00:00', '18:00:00'),
(637, 68, 'Sat', '09:00:00', '15:00:00'),
(638, 68, 'Sun', '09:00:00', '15:00:00'),
(639, 69, 'Tue', '10:30:00', '21:00:00'),
(640, 69, 'Wed', '10:30:00', '21:00:00'),
(641, 69, 'Thu', '10:30:00', '21:00:00'),
(642, 69, 'Fri', '10:30:00', '21:00:00'),
(643, 69, 'Sat', '10:30:00', '21:00:00'),
(644, 69, 'Sun', '10:30:00', '21:00:00'),
(645, 70, 'Tue', '11:00:00', '20:00:00'),
(646, 70, 'Wed', '11:00:00', '20:00:00'),
(647, 70, 'Thu', '11:00:00', '20:00:00'),
(648, 70, 'Fri', '11:00:00', '20:00:00'),
(649, 70, 'Sun', '11:00:00', '20:00:00'),
(650, 71, 'Tue', '11:00:00', '14:30:00'),
(651, 71, 'Wed', '11:00:00', '14:30:00'),
(652, 71, 'Thu', '11:00:00', '14:30:00'),
(653, 71, 'Fri', '11:00:00', '14:30:00'),
(654, 71, 'Sat', '11:00:00', '14:30:00'),
(655, 71, 'Tue', '17:00:00', '20:30:00'),
(656, 71, 'Wed', '17:00:00', '20:30:00'),
(657, 71, 'Thu', '17:00:00', '20:30:00'),
(658, 71, 'Fri', '17:00:00', '20:30:00'),
(659, 71, 'Sat', '17:00:00', '20:30:00'),
(660, 72, 'Tue', '11:30:00', '15:00:00'),
(661, 72, 'Wed', '11:30:00', '15:00:00'),
(662, 72, 'Thu', '11:30:00', '15:00:00'),
(663, 72, 'Fri', '11:30:00', '15:00:00'),
(664, 72, 'Sat', '11:30:00', '15:00:00'),
(665, 72, 'Sun', '11:30:00', '15:00:00'),
(666, 72, 'Tue', '17:00:00', '21:00:00'),
(667, 72, 'Wed', '17:00:00', '21:00:00'),
(668, 72, 'Thu', '17:00:00', '21:00:00'),
(669, 72, 'Fri', '17:00:00', '21:00:00'),
(670, 72, 'Sat', '17:00:00', '21:00:00'),
(671, 73, 'Mon', '11:00:00', '21:00:00'),
(672, 73, 'Tue', '11:00:00', '21:00:00'),
(673, 73, 'Wed', '11:00:00', '21:00:00'),
(674, 73, 'Thu', '11:00:00', '21:00:00'),
(675, 73, 'Fri', '11:00:00', '21:00:00'),
(676, 73, 'Sat', '11:00:00', '21:00:00'),
(677, 73, 'Sat', '11:00:00', '21:00:00'),
(678, 74, 'Mon', '11:00:00', '22:30:00'),
(679, 74, 'Tue', '11:00:00', '22:30:00'),
(680, 74, 'Wed', '11:00:00', '22:30:00'),
(681, 74, 'Thu', '11:00:00', '22:30:00'),
(682, 74, 'Fri', '11:00:00', '22:30:00'),
(683, 74, 'Sat', '11:00:00', '22:30:00'),
(684, 74, 'Sun', '11:00:00', '22:30:00'),
(685, 75, 'Tue', '11:00:00', '14:00:00'),
(686, 75, 'Wed', '11:00:00', '14:00:00'),
(687, 75, 'Thu', '11:00:00', '14:00:00'),
(688, 75, 'Fri', '11:00:00', '14:00:00'),
(689, 75, 'Sat', '11:30:00', '14:00:00'),
(690, 75, 'Sun', '11:30:00', '14:00:00'),
(691, 75, 'Tue', '17:00:00', '21:00:00'),
(692, 75, 'Wed', '17:00:00', '21:00:00'),
(693, 75, 'Thu', '17:00:00', '21:00:00'),
(694, 75, 'Fri', '17:00:00', '21:00:00'),
(695, 75, 'Sat', '17:30:00', '21:00:00'),
(696, 75, 'Sun', '17:30:00', '21:00:00'),
(697, 76, 'Mon', '11:00:00', '14:00:00'),
(698, 76, 'Tue', '11:00:00', '14:00:00'),
(699, 76, 'Wed', '11:00:00', '14:00:00'),
(700, 76, 'Thu', '11:00:00', '14:00:00'),
(701, 76, 'Fri', '11:00:00', '14:00:00'),
(702, 76, 'Sun', '11:00:00', '14:00:00'),
(703, 76, 'Mon', '16:30:00', '20:00:00'),
(704, 76, 'Tue', '16:30:00', '20:00:00'),
(705, 76, 'Wed', '16:30:00', '20:00:00'),
(706, 76, 'Thu', '16:30:00', '20:00:00'),
(707, 76, 'Fri', '16:30:00', '20:00:00'),
(708, 76, 'Sun', '16:30:00', '20:00:00'),
(709, 77, 'Mon', '11:00:00', '19:00:00'),
(710, 77, 'Tue', '11:00:00', '19:00:00'),
(711, 77, 'Wed', '11:00:00', '19:00:00'),
(712, 77, 'Thu', '11:00:00', '19:00:00'),
(713, 77, 'Fri', '11:00:00', '19:00:00'),
(714, 77, 'Sat', '11:00:00', '19:00:00'),
(715, 78, 'Mon', '11:00:00', '14:30:00'),
(716, 78, 'Tue', '11:00:00', '14:30:00'),
(717, 78, 'Wed', '11:00:00', '14:30:00'),
(718, 78, 'Thu', '11:00:00', '14:30:00'),
(719, 78, 'Fri', '11:00:00', '14:30:00'),
(720, 78, 'Sat', '11:00:00', '14:30:00'),
(721, 78, 'Sun', '11:00:00', '14:30:00'),
(722, 78, 'Mon', '17:00:00', '20:30:00'),
(723, 78, 'Tue', '17:00:00', '20:30:00'),
(724, 78, 'Wed', '17:00:00', '20:30:00'),
(725, 78, 'Thu', '17:00:00', '20:30:00'),
(726, 78, 'Fri', '17:00:00', '20:30:00'),
(727, 78, 'Sat', '17:00:00', '20:30:00'),
(728, 78, 'Sun', '17:00:00', '20:30:00');

-- --------------------------------------------------------

--
-- Table structure for table `table_trans`
--

CREATE TABLE `table_trans` (
  `trans_id` int(10) NOT NULL,
  `trans` varchar(10) NOT NULL
) ENGINE=InnoDB DEFAULT CHARSET=utf8mb4;

--
-- Dumping data for table `table_trans`
--

INSERT INTO `table_trans` (`trans_id`, `trans`) VALUES
(1, '步行'),
(2, '騎車/搭車'),
(3, '步行/騎車/搭車');

-- --------------------------------------------------------

--
-- Table structure for table `table_type`
--

CREATE TABLE `table_type` (
  `type_id` int(10) NOT NULL,
  `type` varchar(10) NOT NULL
) ENGINE=InnoDB DEFAULT CHARSET=utf8mb4;

--
-- Dumping data for table `table_type`
--

INSERT INTO `table_type` (`type_id`, `type`) VALUES
(1, '義式料理'),
(2, '台式料理'),
(3, '日式料理'),
(4, '其他');

-- --------------------------------------------------------

--
-- Table structure for table `table_user`
--

CREATE TABLE `table_user` (
  `user_id` int(10) NOT NULL,
  `username` varchar(20) NOT NULL
) ENGINE=InnoDB DEFAULT CHARSET=utf8mb4;

--
-- Dumping data for table `table_user`
--

INSERT INTO `table_user` (`user_id`, `username`) VALUES
(1, '網路評價'),
(2, 'zhong'),
(3, 'test'),
(4, 'hhhuang'),
(5, 'judy'),
(6, 'stan'),
(7, 'Andy');

-- --------------------------------------------------------

--
-- Table structure for table `table_user_coupon`
--

CREATE TABLE `table_user_coupon` (
  `coupon_pair_index` int(11) NOT NULL,
  `user_id` int(10) NOT NULL,
  `coupon_id` int(10) NOT NULL
) ENGINE=InnoDB DEFAULT CHARSET=utf8mb4;

--
-- Dumping data for table `table_user_coupon`
--

INSERT INTO `table_user_coupon` (`coupon_pair_index`, `user_id`, `coupon_id`) VALUES
(12, 2, 1),
(6, 2, 4),
(9, 7, 1),
(10, 7, 4);

-- --------------------------------------------------------

--
-- Table structure for table `table_user_frequency`
--

CREATE TABLE `table_user_frequency` (
  `user_id` int(10) NOT NULL,
  `rest_id` int(10) NOT NULL,
  `times` int(10) NOT NULL,
  `latest` datetime NOT NULL
) ENGINE=InnoDB DEFAULT CHARSET=utf8mb4;

--
-- Dumping data for table `table_user_frequency`
--

INSERT INTO `table_user_frequency` (`user_id`, `rest_id`, `times`, `latest`) VALUES
(2, 50, 3, '2020-12-20 19:31:14'),
(2, 72, 4, '2020-12-23 10:39:18'),
(2, 16, 17, '2020-12-25 13:38:15'),
(2, 1, 1, '2020-12-03 17:29:19'),
(4, 2, 3, '2020-12-10 15:05:42'),
(4, 6, 2, '2020-12-11 19:06:15'),
(4, 13, 1, '2020-12-04 20:06:39'),
(4, 18, 9, '2020-12-18 20:07:09'),
(4, 26, 2, '2020-12-03 12:07:39'),
(4, 50, 4, '2020-12-22 20:08:35'),
(4, 72, 1, '2020-12-08 20:09:09'),
(4, 16, 3, '2020-12-07 19:09:29'),
(3, 1, 2, '2020-12-08 12:09:55'),
(6, 72, 1, '2020-12-24 16:51:45'),
(3, 72, 1, '2020-12-24 17:06:25'),
(6, 16, 1, '2020-12-24 17:54:08'),
(7, 16, 3, '2020-12-24 19:36:46'),
(7, 72, 3, '2020-12-24 19:41:54'),
(7, 50, 1, '2020-12-24 19:42:10');

--
-- Indexes for dumped tables
--

--
-- Indexes for table `table_choose`
--
ALTER TABLE `table_choose`
  ADD PRIMARY KEY (`rest_id`),
  ADD KEY `rest_id` (`rest_id`),
  ADD KEY `type_id` (`type_id`,`price_id`,`trans_id`,`food_id`);

--
-- Indexes for table `table_comment`
--
ALTER TABLE `table_comment`
  ADD PRIMARY KEY (`comment_id`),
  ADD KEY `rest_id` (`rest_id`,`user_id`);

--
-- Indexes for table `table_coupon`
--
ALTER TABLE `table_coupon`
  ADD PRIMARY KEY (`coupon_id`),
  ADD KEY `rest_id` (`rest_id`);

--
-- Indexes for table `table_favorite`
--
ALTER TABLE `table_favorite`
  ADD KEY `user_id` (`user_id`,`rest_id`);

--
-- Indexes for table `table_food`
--
ALTER TABLE `table_food`
  ADD PRIMARY KEY (`food_id`);

--
-- Indexes for table `table_price`
--
ALTER TABLE `table_price`
  ADD PRIMARY KEY (`price_id`);

--
-- Indexes for table `table_rest_qrcode`
--
ALTER TABLE `table_rest_qrcode`
  ADD PRIMARY KEY (`code_id`),
  ADD KEY `rest_id` (`rest_id`);

--
-- Indexes for table `table_show`
--
ALTER TABLE `table_show`
  ADD PRIMARY KEY (`rest_id`);

--
-- Indexes for table `table_time`
--
ALTER TABLE `table_time`
  ADD PRIMARY KEY (`time_id`),
  ADD KEY `rest_id` (`rest_id`);

--
-- Indexes for table `table_trans`
--
ALTER TABLE `table_trans`
  ADD PRIMARY KEY (`trans_id`);

--
-- Indexes for table `table_type`
--
ALTER TABLE `table_type`
  ADD PRIMARY KEY (`type_id`);

--
-- Indexes for table `table_user`
--
ALTER TABLE `table_user`
  ADD PRIMARY KEY (`user_id`),
  ADD KEY `user_id` (`user_id`);

--
-- Indexes for table `table_user_coupon`
--
ALTER TABLE `table_user_coupon`
  ADD PRIMARY KEY (`coupon_pair_index`),
  ADD KEY `user_id` (`user_id`,`coupon_id`);

--
-- Indexes for table `table_user_frequency`
--
ALTER TABLE `table_user_frequency`
  ADD KEY `user_id` (`user_id`),
  ADD KEY `rest_id` (`rest_id`);

--
-- AUTO_INCREMENT for dumped tables
--

--
-- AUTO_INCREMENT for table `table_comment`
--
ALTER TABLE `table_comment`
  MODIFY `comment_id` int(10) NOT NULL AUTO_INCREMENT, AUTO_INCREMENT=161;

--
-- AUTO_INCREMENT for table `table_coupon`
--
ALTER TABLE `table_coupon`
  MODIFY `coupon_id` int(10) NOT NULL AUTO_INCREMENT, AUTO_INCREMENT=5;

--
-- AUTO_INCREMENT for table `table_rest_qrcode`
--
ALTER TABLE `table_rest_qrcode`
  MODIFY `code_id` int(10) NOT NULL AUTO_INCREMENT, AUTO_INCREMENT=4;

--
-- AUTO_INCREMENT for table `table_show`
--
ALTER TABLE `table_show`
  MODIFY `rest_id` int(10) NOT NULL AUTO_INCREMENT, AUTO_INCREMENT=79;

--
-- AUTO_INCREMENT for table `table_time`
--
ALTER TABLE `table_time`
  MODIFY `time_id` int(10) NOT NULL AUTO_INCREMENT, AUTO_INCREMENT=729;

--
-- AUTO_INCREMENT for table `table_user`
--
ALTER TABLE `table_user`
  MODIFY `user_id` int(10) NOT NULL AUTO_INCREMENT, AUTO_INCREMENT=8;

--
-- AUTO_INCREMENT for table `table_user_coupon`
--
ALTER TABLE `table_user_coupon`
  MODIFY `coupon_pair_index` int(11) NOT NULL AUTO_INCREMENT, AUTO_INCREMENT=13;
COMMIT;

/*!40101 SET CHARACTER_SET_CLIENT=@OLD_CHARACTER_SET_CLIENT */;
/*!40101 SET CHARACTER_SET_RESULTS=@OLD_CHARACTER_SET_RESULTS */;
/*!40101 SET COLLATION_CONNECTION=@OLD_COLLATION_CONNECTION */;
